stock,volume
JPM.PR.A,4537
JRI,2394
AXMT,2
CVCO,4
JPM.PR.C,4464
SCS,16443
CMRE,408
JPM.PR.D,181
OPTT,2665
SCU,100
BBD,253952
BBG,33205
JRO,1865
JRN,2915
BBF,2500
BBH,29131
SCX,85
SCON,1000
JRS,4606
BBK,918
SCOK,115
SCZ,10863
STPZ,2169
JIVE,981
BBL,41472
LXMO,100
BBN,4144
EXETF,3600
SDD,100
BBT,173412
TWTC,39920
SCOR,1362
CEAI,100
BBY,258927
BBX,257
JSD,2958
JSC,112
SMTPD,100
SLAB,526
AXLX,3564099
SDP,25
FNLC,5
PSXP,11899
SDR,1904
BCA,5417
SDT,813
AGMC,3
SDS,496821
BCC,1475
BCF,22837
JSN,4137
VLOWY,320
JSM,1100
BCE,23537
BCH,1502
CMSB,400
STON,10284
KURRY,1
SDY,27070
JST,1357
JRONY,100
FEYE,39000
BSAC,1336
SEA,5758
BCO,5602
CMRX,410
BCR,25012
SEB,13
SEE,22528
BCS,79963
PBEGF,841
MJNA,8117555
SEF,551
BCX,1943
JTA,12457
CVCY,400
IWSY,11500
HCOM,528
SEM,28226
PSWS,10000
JTD,15557
TWSI,235
SEP,3264
HTSI,24346
BDC,2663
TKPPY,3327
A,32824
B,2348
BDE,621
NVEC,416
C,1052885
BDD,2000
STRT,300
D,31992
STRS,1000
SEV,2837
E,18862
AGNC,122897
F,1508811
G,13940
JTP,15256
H,9825
STSA,4116
I,1800
BDJ,86312
K,65467
BDL,1400
L,19254
MLLGF,2700
M,161024
BDN,44693
MSBF,100
CYS.PR.B,1755
N,14557
O,86268
STSI,494051
P,318687
Q,19790
SLCA,19480
CECO,33532
R,22248
LGND,4394
S,1501242
SFE,3519
T,2840418
SFG,1884
V,210542
BDX,57867
X,701512
SFL,17872
SFK,368
IFUS,50000
Y,1811
Z,8511
SFN,224
SFM,5775
CECE,2435
BJRI,16023
AXPW,18400
NVDA,185182
NMRX,13
AGOE,800
BEE,23130
BSCM,214
SCPB,15226
BSCL,752
BSCK,67112
ZURVY,15773
TWTR,2297783
BSCJ,1955
SFY,30689
BSCI,7073
RSKIA,1200
BSCH,11099
BEN,32079
BSCG,4489
BSCF,4406
BEP,100
BSCE,14345
TFSL,14253
SGA,307
CEDU,382
ZMSPF,1000
NVDQ,511
SGG,100
NECB,200
VLGEA,446
SGF,1225
SGI,10925
JVA,2185
NVDL,15997
SGK,10
STRA,3849
SGM,685
STRP,13
SGL,17931
STRM,16912
STRL,815
FNMA,472331
CMTL,1818
BSBR,480660
HTSC,600
STRI,73138
SGU,2650
CEFC,43
NVGC,800
SGY,17403
LPAD,1446
BSDM,17376
APAM,141
BFK,13159
SCSC,1606
DHIL,5
BBBY,55817
BFO,301
CVGI,1990
NVGN,500
ARTNA,38
SMCJY,100
BFS,113
BFR,1900
NVGS,24287
SHG,1798
BFY,1000
SHI,1127
SCSS,27857
BFZ,100
SHM,3920
SVNDY,494
NGPHF,12200
SHO,59240
BGB,7977
BGC,4182
SHV,92055
JWN,52150
MSCC,18122
BBDA,128500
IOGA,375
BGH,23078
BGG,13579
SHW,16815
JRJC,201331
SHY,25778
PBYI,3301
SCRC,20000
MSCI,9018
BBCZ,2600
BGR,6682
BGT,11998
HCSG,1093
SID,271408
OPXA,9500
COGGF,150000
BGS,6566
SIG,63555
SIF,60
MP.PR.D,44
BBCN,2217
SVNDF,142
BGY,14222
FCSMF,65344
SIM,200
SIL,19959
CEFL,8266
NRF.PR.C,185
NRF.PR.B,120
JXI,3168
NRF.PR.A,1
CVGW,645
SIR,38454
MODTQ,1800
BHB,2
BHE,3266
VUME,5000
STTK,122500
MRVNY,2
BSFT,339
BHI,105344
MSFG,827
SIX,18258
BHK,4249
CMXI,20476
HTWR,1311
IOUFF,2000
BHL,594
STWD,10599
SJB,280
BHP,85917
ATADF,100
JALA,28650
MSFT,924837
BHV,1
NVIV,3970
SJI,533
SJM,26040
FNRC,250100
BIB,4261
SJR,5739
STWS,500
FNRG,300
SJT,3382
BID,13542
BIF,765
BSET,160
BIG,9022
SJW,722
ASWRF,7688
BIL,12755
BIK,7134
O.PR.F,1521
KGILF,2910
BIN,2100
APDN,47747
BIP,3477
TIRXF,2000
BIO,553
APNHY,20
IOIL,10
BIT,5300
BIS,3074
BIV,15681
RIBT,1000
SKF,2785
SKH,342
LXRX,2144
SKK,400
AXTI,3137
SCTY,66343
SKM,26366
BBEP,5341
CMXX,6500
JAKK,3776
STVF,35400
AGRT,3
AXTE,15
LDBKY,81
RICK,1900
JZJ,321
SKT,5365
MSEX,575
AGRO,12186
MSHF,200
SKX,4251
RSTAY,23
BJK,1360
GIFI,308
BCAUY,10
FNSR,47414
SLB,218397
AXUT,2
SLF,12468
FFCO,41
DNFGY,38
APEI,1053
SLH,2941
HLIT,2214
SLG,32734
BSHF,4108
JANI,240
PKPL,800
EUDSF,15
BJZ,1273
SLM,70492
QNST,1970
SLIO,100000
BKD,11513
AIG.WS,6886
SLV,953184
BKF,3833
GIGA,600
BKE,2355
BKH,3958
SLX,1022
SLW,301324
SCVL,2125
SLY,5210
FFBC,4694
WPCS,714281
BKK,1552
BKN,3470
CVLT,31881
SMA,1339
SLGN,15759
FFBH,3
NSSMY,900
SMB,4917
BKT,8652
BKS,8006
SMG,2347
SMF,1420
BKU,165055
SMI,20563
SMH,83487
BKW,11503
TYIDY,635
PKOH,521
SMM,3095
APFC,992
FWDG,103000
SMN,1476
FWDI,174
SMP,1173
ETAK,3649
BLE,4534
JAMN,5751
STXS,26823
SMT,337
MBFI,664
BBGI,1493
BLH,176
BLK,13403
NVMI,12355
PCAR,21157
PNYTF,166665
BLJ,252
CELH,1150
CELG,90275
BLL,32255
RIGS,449
SCYL,100
SNA,8390
SNE,30784
BLT,154
SNH,50826
BLW,10643
BLV,3560
BSJK,583
BSJJ,1328
SNI,38600
BSJI,2884
ZHNE,56301
BLX,4552
VMCS,36000
KUTV,9340
APGI,76
BSJH,7947
PTCT,2245
BSJG,11670
MBII,145
BSJF,18388
SNN,6186
BSJE,11118
SNP,6700
BMA,2915
UAPC,84800
PCBK,560
TKPYY,630
SNV,312017
MBIS,635
XYIGY,27
SNX,3143
FFFC,100
SNY,169438
BMI,670
VMBS,2015
CEMI,500
MCP.PR.A,24611
BMO,15608
BMR,19478
HIG.WS,300
GIGM,141
BMS,23053
BMY,276081
NVLX,34630
SOL,141144
ECAU,2000
SON,7786
BNA,13129
SOQ,72
ABMLF,2100
SOR,2269
APHB,1003
ALAWP,136
BND,124114
RIGL,39823
KMDA,1800
DIPGY,184
RIGH,100000
C.WS.B,51150
BNJ,300
C.WS.A,4300
BNO,1750
SPB,641
LDSVF,1
SPA,416
BNS,46907
MSLI,1395
KHDHF,45
SPF,95853
PTEN,18331
SPE,300
SPH,3074
NENE,5660
SPG,71164
BNY,4970
ETFC,108447
KMKGF,2550
MSLP,2000
DYSL,1610
CVOL,60
SPN,36956
SPR,3644
LEVYU,100
BBT.PR.G,1199
BOE,15590
BBT.PR.F,2649
TOPS,720
SPU,2080
BOH,3078
ALP.PR.P,570
CEMP,1263
APEMY,51
SPW,6602
ALP.PR.O,40
ALP.PR.N,816
SPY,5190852
BOI,530
BBT.PR.E,3681
BBT.PR.D,1822
IRET.PR,1
SVNLY,38
GIII,20465
BSMX,10708
BOS,20
SQI,127
NVCIF,500
VDSI,130
SQM,34666
KAI,575
CENX,11845
SHECY,1100
ETEK,148000
PCCC,5552
VMEM,6713
URRE,1881
YELP,100894
APELY,1000
BPI,2317
BPK,1453
MITT.PR.A,1
KAR,104258
VSTOW,1
BPL,4893
BPO,52310
CNAT,206
BPS,100
SRC,55304
MBLX,250
FFIN,1884
URTY,34831
SLNX,250000
SRF,3241
SRE,22607
BPT,2470
PNHNF,21255
NNAN,10000
BPY,7974
SRI,11266
GILT,1684
BPZ,786
FFIV,34918
KBE,118402
KBH,105824
GVDNY,336
TORM,200
PCFG,775508
MRETF,6705
SRS,6973
BBLU,10
SRV,100
BQH,3
KBR,79093
LPLA,1038
AGYS,122
BBNK,462
BQR,500
LCPRF,1000
FFHL,400
SSD,1561
SSG,1000
SSI,11086
SSH,3113
BQY,500
NEOG,765
KCE,66296
XSLV,195
CVRR,11327
SSL,8793
SSO,358586
KCG,3126
SSN,5173
PCEF,12151
SSP,2183
JASO,38964
NEOM,269142
BRC,11135
SSS,906
NEON,15139
CNBC,2222
APEOF,250
BRE,41388
BRD,9014
SSW,5798
URTH,7036
BRF,30831
TLSYY,3739
FFIC,6345
GILD,474767
BRO,18506
SLNN,200
STB,11179
BRP,12259
CERN,35384
BRS,2446
STC,1307
ECHO,4964
BRT,101
STE,5499
NVSL,300
PTIE,30340
VUZI,14460
STJ,136480
CNCO,300
STI,117979
BRX,10404
FFKT,221
STL,1076
CERE,6000
STK,5412
SUBK,326
STN,4024
STM,101827
STO,20211
STR,5930
BSPM,700
STT,41839
BSD,4192
STS,146
STV,2000
BSE,350
STX,98875
RING,5145
PTIX,4993
BGMZF,2000
STZ,33205
SGSOY,4969
BSL,1113
ECIG,48
CVSC,1850
CNBZ,300
BSP,693
CEQP,4614
PSA.PR.X,1000
SUB,431
MSON,398
IOSP,2783
GTOMY,400
BSV,80289
PSA.PR.T,1
GIMO,1084
PSA.PR.U,118
SUI,5061
BSX,739951
PSA.PR.V,401
PSA.PR.W,566
PSA.PR.P,113
PSA.PR.Q,836
LRLCY,1118
CNDO,54103
PSA.PR.R,600
KED,238
PSA.PR.S,103
GIMU,50000
APNT,12000
XSNX,10000
KEG,112829
BTA,13293
INRLF,6
SUP,2532
HUBG,1910
TAKUF,20700
BTE,5512
KEM,502
BTG,139062
NNBR,12905
BTF,1
BTI,7737
BBOX,2915
BTH,7424
KEP,5964
CNDA,420
FWLT,12967
PKWY,3000
AIQUY,1629
BTO,1100
CERS,26776
KEY,289483
KEX,12829
CERP,30000
YNDX,92582
KPCPY,910
BTU,342943
NETC,126
BTT,3935
JAXB,100
HLSS,1142
TXGE,14100
BTX,12681
CNER,2400
BTZ,4284
WPNV,1000
TTSLF,1601
SVM,59870
KFH,139
NETE,4
BSRR,10
TOVC,100
KFI,100
BUD,173841
ARCAY,92
MKBY,10000
GRBG,30
KFN,76334
APOL,77399
SVU,123435
GRT.PR.I,1
OBTLY,125
BUI,2894
KFS,100
APOG,282
IRET.PR.B,2
EXMRF,100
KFX,600
PTLA,412
BSRC,85
SWC,89477
KFY,6318
XBOR,73
SWI,13977
NVTL,3133
KGC,1207790
SWK,14124
APPY,2288
SWJ,10370
APPZ,5350
KOZAY,519
SWM,8087
LPNT,1117
NESI,200
BBRG,49
SWN,44762
SLRC,2484
XSPY,4900
BBRC,1492
SWS,1604
SLRA,31
RIOM,10890
SWY,115329
YESD,4000
SWX,3833
BKCC,10748
DRAGF,500
BVN,120375
CETV,53715
GRAS,200000
APPA,33985
SXC,15870
MSTR,1117
BVX,650
SXI,138
SXL,18328
BBSI,1239
BWA,18323
KHI,5732
SXT,12035
MSTX,92929
CEVE,70
BWC,28920
PCLN,102567
CEVA,413
BWG,12726
JAZZ,16378
BBRY,3293073
BWP,17592
SYA,1929
ALIZF,94
QFOR,3972
BSTC,1303
BWS,62402
BWV,22700
TYG.PR.B,1003
BWX,49277
APSA,440
BWZ,6411
SYK,39685
KIE,18554
CHSCO,2
CHSCP,219
SYN,17252
FFNW,244
BKEP,159
BXC,1501
MBRG,14
KIM,30707
BXE,100
SYT,14202
SLTD,30600
KIO,301
KIN,16880
TOWR,4069
SVNTQ,380
SYY,1536755
TGGI,485000
SYX,535
CNHI,20076
SLTM,99120
TOWN,432
APRI,19234
GABC,4
BXP,30722
BXS,13697
SZC,1268
ECNS,433
LHCG,13
KMPR,291
SZO,590
CNIT,1900
GCVRZ,377873
BYD,34639
RITE,37500
AZSEY,1503
ECOB,1866675
BYI,11154
JTEKY,8
BYM,10799
MSWM,2555
GRFS,12347
ECOL,2867
LPTH,600
ECOM,7731
ECON,14693
LPTN,300
FWRD,217
MBTF,1462
KKD,33721
PTAXF,2764
GACR,19850
NEWL,21815
PCMI,563
CCLAY,9
PTNR,399
BZF,8522
PTNT,100
XBTC,600
NEWT,4500
LPSB,300
GREK,26602
APTS,5900
BZH,48861
HKXCY,911
KKR,247513
WPRT,22519
BZM,3
BBVA,200634
SLVO,1500
NEWP,2098
SLVP,772
NEWS,646
BZQ,21359
APTL,1
PTOG,5000
HDGE,4698
LPSN,8282
BZT,100
SLYG,6018
KLD,61
TOLWF,1500
TC.PR.T,1200
ETRM,217086
MBWM,304
TGLP,300
SLYV,5084
PTRC,61000
BTKGF,660
GAGA,399
PLBC,17
SDIV,14563
SDIR,3557
KMB,24520
ECOS,1480100
BLLAF,33598
MBVA,13
KMG,109
KMF,5495
KMI,217959
KMM,10607
KMP,29651
GIVE,2
KMR,5535
KMT,6921
PCOM,30
IGLD,500
ECPG,2058
MBVT,2006
KMX,25150
SLXP,6140
PLAB,3436
GIVN,27396
TXMD,12651
RRGB,1348
ELAY,8563079
KND,2433
ALL.PR.C,431
ALL.PR.D,9200
PLCM,4420
ABW.PR.B,182
BDN.PR.E,55
ALL.PR.A,227
ALL.PR.B,1179
KNL,972
PTSX,1917
AHGP,697
VEDO,46517
GAIA,1300
KNX,9117
UBP.PR.F,600
TNABY,44
THYCY,600
PCRX,6301
SSEZY,5107
CNMD,2011
GAIN,15997
CNOB,99
KOG,385274
KOF,982
USAE,600
GRID,2
USAC,1800
NNLX,700
KOL,15303
GRIF,1
USAP,16
KOP,3853
KOS,62681
PTRY,5692
USAK,8330
PTSC,17500
VECO,3588
SCGLY,3787
USAT,8996
TAC,5968
VLPNY,13
ECRO,100000
PLCE,27687
DFT.PR.B,215
TAI,1475
TAL,26989
PTSI,951
TAN,23150
SUNS,5
TAM,1582
HOKCY,200
TAP,31143
TAO,517
GWPRF,1695
TAT,12650
TAS,8900
CSRXF,1001
VEEV,8075
TAX,305
PCTI,387
OIBR,645825
KVHI,492
TRMLF,50
NPSKY,719
ECUI,308059
GRLT,2688
BKLN,358995
HDNG,73
TBF,130846
TBI,1850
FUR.PR.D,2
TXRH,9787
UBCP,3651
SUMR,100
CWBK,200
USCI,336
CAC,108
JSDA,2121
CAB,4462
CAE,1507
TBT,172681
IGOV,458
CAG,17860
CAF,10813
USCR,16
TBX,550
CAH,77724
ZNNMF,9600
FOHL,2799
CAK,60
CAJ,19196
TBZ,200
CAM,77266
BKMU,569
ECTE,600
JJSF,480
OXLCP,50
TCB,16660
LYJN,2000
CAP,1159
SDLP,4827
RAIL,893
CAS,1233
MAUXF,103500
CAR,35266
TCC,500
BSYBY,264
CAT,325032
IPAR,2305
WRCDF,617
TCI,23
IPAS,746
KRA,1207
PEI.PR.B,350
TCK,91681
KRC,8584
SUNE,322653
CNPF,2
KRE,79730
CHRYY,1430
TCP,391
RRMS,2379
KRG,11561
TCO,8819
CBB,414322
CNRD,690
CBA,9855
GALT,600
VVIT,15000
CBD,11938
GRNH,957118
SUTNY,3342
TCS,28373
CBF,594
SUPN,11216
TCX,2130
GRNL,999
CBG,20682
KRO,5942
ROHCY,128
AHEXY,591
CBI,21308
TPCS,1205
CBL,65800
CBK,9736
SUPX,10
CBM,5202
KRU,2796
SDOG,2635
TDA,1000
CBR,3416
TDC,692972
IPDN,100
GAME,43719
CNQR,679
CBT,3683
CBS,92482
TDG,292599
TGRO,173554
TDF,26710
CBU,3680
UNCFF,2080
TDI,54
TDH,90
CBZ,5058
GAMN,250
RALY,608
JINFF,100
CCCGY,627
TDJ,1022
GGRGF,4506
HURC,8
SMAA,325565
GAMR,400
TDN,1459
SDOW,72433
CCA,316
GRMC,2500
TDS,10933
BTAL,237
CCC,1663
USEL,26
CCE,47938
KSM,3157
IPCC,1539
USEI,2499777
TDW,9141
CCG,12596
TDV,35
CCF,10
USEG,1850
CCI,746826
TDY,1430
DIDG,9847
CCH,137
KSS,1060939
CCK,8197
CCJ,47451
KSU,44639
CCM,223
KST,213
CCL,190641
GRMN,70214
CCO,7100
IPCI,23940
GALE,363528
NWBO,19360
IPCM,456
CFBK,300
CCU,8950
TEF,99818
NWBI,11002
TEG,17302
CCV,101
ELGX,8022
VEGI,403
CCX,3732
TEI,14858
TEL,45497
KTF,182
TEN,19569
USFC,320
TEP,303
KTH,34
RIOCF,191
TEO,11783
CWCO,2309
TER,77158
GDFZY,3087
GRPH,2064
CNTF,14300
RAND,9
NHC.PR.A,6293
KTN,433
IPFF,1
TEU,8695
CDE,61787
IVPAF,1060
TEX,47814
DLAKY,7155
DIGI,9840
CWEI,1327
GRPN,1030160
CDI,3116
WYNN,56521
LZRFY,1100
CDR,6195
TGTX,4336
SMSMY,127052
PUTKY,64
MTBR,133200
TFI,6793
CDW,1139
PCYC,8653
SMCG,274
ECYT,9611
TFM,16754
CNSL,4387
CEA,400
CNSI,531
CEC,327
FOLD,12103
CEB,3009
CEE,330
NNRX,2500
CEF,77135
TXTR,12067
NFBK,203
RWEOY,100
TFX,3054
IPL.PR.D,118
GRPEF,2000
CEM,13033
JSHG,2220
CEL,9272
HURN,245
CEO,5553
USGT,7000
IGTE,7607
CEN,700
BCAR,930
TGB,46436
TGA,7259
BCAP,1010000
CEP,100
IXUS,12806
CNTY,4468
SURG,1254
TGD,24502
TGC,4051
GROW,202
TGE,39
CET,1982
CEW,1135
TGH,10264
CEV,100
FPAFY,1587
GANK,2500
TGI,6437
HUSA,1418
CNTO,77034
WHLM,2500
TGP,12142
RYCEY,966
HUSE,300
TGR,591
VALE.P,426551
TGT,1184423
CFD,903
TGS,9940
ELLI,26231
EPGNF,11655
CWGL,127
CFI,1658
SUTR,2618
SPCHA,10
DIIBF,135
NNVC,7213
CFN,25229
IPHI,1220
CCEGF,200
CFP,4375
VELA,129100
CFR,6098
THC,84123
MKSI,511
IPHS,2066
CFT,4747
THD,47315
MTDR,24159
RRRI,25
THG,1779
CSCTF,201
XCO.RT,169904
CFX,3360
THI,3261
THM,241147
THO,17121
OIIM,800
CGA,1400
KWK,186810
THS,1191
ELMD,250990
THR,896
FONE,1
ARI.PR.A,199
CGG,1990
HDRX,49152
CGI,5317
PCYG,684
CWHO,2100
SUSS,2484
JBHT,14627
SMCI,1759
KWR,548
SUSQ,41223
KWT,156
CGO,2853
FONR,51987
PCYO,318
MER.PR.F,400
SDRL,171209
MER.PR.E,6
MER.PR.D,1506
SUTI,2500000
TIF,48963
MER.PR.K,417
CGW,4676
SETHF,600
IPGP,2157
MCBC,22
CFFN,20176
CGX,2996
MTCN,1337
HDSN,13183
MER.PR.M,500
TIK,755
BCCI,18918
MCBI,35
CFFI,1318
SMDI,20000
TIP,15827
JBII,755
NILSY,1002
MER.PR.P,170
SMDD,3000
KXI,2845
CHA,1508
ZIGO,415
CHD,3860
AHPI,100
TIS,192
CHE,8983
GST.PR.B,1879
CHH,2406
ELNK,33523
CHI,25749
MKTX,2429
CHL,41432
GST.PR.A,401
XTEX,2003
PLMT,111
CHK,196647
MKTY,375
CHN,1234
VIVHY,2554
CDPYF,2300
VEND,21058
GASE,1000
HMGN,18500
CHT,2395
CHS,452020
USLV,47390
FXCB,49
CWID,40
CHU,13168
GASL,4900
USMD,1
CHW,2953
CHY,3788
KYE,12068
HE.PR.U,64
PLND,2518
RRTS,428
FORD,4611
CIA,164
ULTXF,5999
FORC,200
ARDNA,627
BAMXF,226
FXCM,5153
CIB,304
USMI,3600
CIE,97522
GASX,1043
SUWN,130702
CIG,193458
KYO,1949
KYN,21037
CIF,200
CII,19717
TJX,180596
CIK,8200
CIM,369857
TPHM,50000
TKOMY,1359
LYRI,166
DSNKY,1412
IXYS,2052
WYNMY,150
CIS,620
CIR,2124
NSRGY,53188
TKC,175069
SMEV,8
GRST,17000
CIU,7585
TKF,5701
CIT,24544
BAMXY,645
SNEJF,9
CIX,438
CRZBY,3623
MKTG,142180
WYNMF,11750
IGXT,8130
USLM,5
HMCBF,65
TKR,34514
BCEI,2474
GARS,9
MKTO,9060
SMFG,31015
MTEX,300
NSRGF,380
EBODF,170
RJET,36389
PLOW,1403
FOSL,20475
RATE,8024
OILT,10
PLPC,1
HMIN,10850
OILZ,18
TLF,474
GRVY,1000
TLI,3541
RYCEF,2200
NXPSQ,3
TLH,528
TLK,4815
SMID,2075
TLM,133573
PLPE,111105
SLPHQ,800
TLL,875
TLO,1216
MCGC,12050
KCDMY,501
TLP,530
TPLM,127392
FXEN,5572
TLR,3
PLPM,2371
TLT,184743
GASZ,15003
USMV,5262
MTGE,11177
CKH,481
MCET,19110
HMHC,4980
JBLU,250656
MCEP,348
FORM,1967
PLNR,5100
ELON,6700
USMO,164
FORR,14
IDCBF,1000
CKP,3707
ATBEF,35000
ELOS,540
TMF,200
MCQPF,1
TMH,7851
LYTS,319
TMK,5867
ANZFF,75
TMP,116
USNA,1146
LQDT,4547
TMO,121451
CLB,602
CLD,2072
CLC,1910
MFA.PR.B,2
IDCBY,1931
TMV,13618
CLF,320632
LZAGY,118
CLH,10922
KBALB,1783
LVNSF,13590
CLI,47133
RAVN,1114
UBOH,300
MCHX,33154
SDYL,292
KERX,55841
CLM,4702
TNA,588509
BKYI,11200
FOUR,5000
TNC,1327
CLR,49750
BKYF,518
KNDI,192221
CLS,1700
CLV,1513
CLX,29234
ZINC,6416
CLW,514
TNH,159
MCIG,709788
TNK,9900
CLY,1119
DRAD,1090
CMA,16412
TNP,6503
CMC,21010
EXL.PR.B,500
DRAM,1400
CME,657100
QGEN,124576
LUKOY,1797
CMD,200
XCHO,2500
BFLBY,1757
CMG,6517
CMF,298
VNDA,13125
CMI,36997
CMK,103
NWLI,6
CMO,32991
CMN,938
LVNTA,8579
CMP,2758
CMS,77617
TOF,100
CMU,16980
CMT,1555
UBNK,17
EDAP,6401
OZON,1000
TOL,67348
TOK,469
USPH,916
VNCE,4381
MCHI,18609
NONOF,82
UBNT,6990
TOO,3311
CNA,1358
TOT,74493
ELRC,430
CNC,6293
MCHP,45519
DIOD,1336
CNI,28551
CNL,3026
ORBC,1240
OZRK,1010
CNK,5210
MTLK,1925
ELTP,42300
CNP,26339
PDCO,28506
CNO,20044
TPC,13909
CNQ,124246
FNB.PR.E,25
BCS.PR,715
CNS,2287
ORBK,3993
CNX,70711
TPI,1000
TPH,5697
CNW,4722
VNET,15111
CNY,45
PLTM,1
TPL,200
AGUNF,12000
FOXA,646736
SMMF,300
TPS,11
FOXF,1043
UBQU,11150
COB,424
EUFN,30081
COG,178592
DRCO,7790
ZIPR,38
COF,153741
FXIT,50000
DIRI,500
ANZBY,15685
TPX,7321
COH,432065
TPZ,871
NFLX,85194
GRYO,900
BCLI,106920
COL,17178
COO,12316
ZION,45086
COP,199832
UGNEQ,203700
COR,1912
LBTYA,84108
ELST,15000
COT,3851
LBTYB,2100
VVTV,24415
COW,700
COV,23993
GGP.PR.A,1442
NBHGY,100
LAD,1942
PLSB,5283
LAG,2766
PDCE,21762
CPB,28230
CPA,8250
ORAN,47033
VVUS,98116
CPF,1366
CPE,20336
ZIOP,25799
LAQ,571
LBTYK,81381
CPL,6825
CFNL,6472
ELTK,250
CJREF,344
CPK,264
LAS,384
CPN,49925
CMRZF,100
LAZ,5190
TRC,1795
UBSI,6493
UBSH,3768
CPT,31368
MAKSY,2641
PUGE,4119
TPRE,9224
TRF,1050
TRI,17236
TRK,10
NOAH,30267
JMPLY,120
LBF,958
TRN,49754
NSRPF,2000
TRQ,174117
TRP,26785
TRS,3603
LBJ,3190
TRR,143
CQB,2062
GQMNF,9985
NSANY,11789
TRW,14924
DPMLF,100
TRV,62700
TRX,6006
CQH,22566
TBDYF,333
LBY,33
CQP,5207
SMMU,228
TSC,14
NSANF,1319
UBRG,230000
TSH,100
ORCL,2082381
TSI,7165
PLUG,5329632
TSL,228118
TSN,59477
TSM,214758
TTRAF,1000
TSO,115625
ORCT,21400
LCI,7062
TSS,14421
NWPX,1408
CRF,8092
SPCHB,68
TSU,30935
LCM,4053
NPIFF,2000
OABC,11
CRH,9370
DISH,47449
IPRC,20000
JBSS,8
CRI,4457
USTR,1886
CRL,10367
CRK,51970
CRM,234285
PLUS,315
ZAAP,2000
BCOM,387
DAEG,282
TCB.PR.B,95
TTC,6742
CRR,10237
CRS,20676
TKGBY,7696
CRV,286
TTF,617
COCO,10663
TTI,6135
MGMCF,26000
SVBL,2404
CWST,512
CRY,15456
TTM,77380
SVBI,100
LDF,1440
LQMT,81550
TTP,3738
CSC,18677
LDK,37210
SGRCF,35000
TTS,25431
SEAC,8259
PLXS,1441
CSE,7543
CSD,18832
TTT,1894
LDL,289
CSG,29638
SBBSF,16270
CSI,545
LDP,17870
CSH,326
FGLD,45040
NTDOY,699
ORGC,11690
CSJ,24169
LDR,868
KEYW,8319
COBZ,351
CSM,435
CSL,23096
EDIG,500
PLXT,5043
CSQ,21725
AABVF,13525
CSP,8835
CSS,34
TUC,326
LVNVF,1000
CIG.C,2300
PDFS,1328
CSU,1236
CST,16335
HMPR,105
CSV,1851
OREO,400
CSX,185251
LEA,30347
BCPC,2239
LEE,16640
CWTR,2177
TUP,10202
MTOR,19746
CODI,3490
LEG,18901
NOBL,2923
TUR,50907
CTB,48692
LEI,1800
CODE,16369
OREX,24921
NWSA,86569
LEN,142780
CTF,4726
CTG,8560
BCOV,14838
LEO,700
TUZ,1439
PDGO,30000
CTL,628198
CAOVY,26
BCOR,26458
CTP,200
CTO,112
CTR,8343
TVC,3702
ALBPP,1655
CTQ,3047
TVE,1468
CTT,3218
CTS,9968
CTU,622
CTX,3201
MTRN,614
AFRAF,250
CTW,3920
HMST,239
LFC,12007
HECO,1208
CTY,6084
MTRX,139
HMSY,18021
GSBC,104
DRII,2354
CUB,2860
LFL,41087
MTSC,3336
THFF,277
DRIO,23400
CUI,711
SMSI,1650
CUK,30575
MTSI,5
DRIV,3361
GBAB,200
PULB,1065
CUR,15341
TWC,71307
YFRM,10000
SEAS,58760
CUT,13921
NWTR,3042
MLAB,304
PCG.PR.B,1
TWI,27549
ESPGY,12
BCRH,10274
CUZ,28785
DRHC,10000
TWN,1078
LGF,14572
TWM,176231
EDIV,21122
TWO,140366
CVA,28178
LGI,1749
ORGN,700
SUBCY,1055
KNKT,3900
CVD,2493
LGL,900
JKHY,3171
NNN.PR.E,1
CVC,144648
NNN.PR.D,396
CVE,46757
NWUC,100
LGP,1339
TWX,275447
CVG,5256
CVI,20540
BIR.PR.A,873
SMRT,3833
PCG.PR.A,300
CVM,2100
NOEC,300
CVO,7125
CVR,600
GSAT,69425
CVT,20
CVS,349627
CVV,20
CVX,231070
TXI,16288
BLDR,29458
CVY,6935
SVFC,709000
BLDP,298399
ZIXI,2336
HEES,133
TXN,392981
RSCO,1708
CWB,64753
TXT,80279
LHO,14118
CWI,3616
PDLI,50157
EDMC,6352
CWH,8413
GPE.PR.A,204
SEED,1500
BCRX,10732
MTUM,5
SEEK,2403986
TYC,22994
SNFCA,101
CWT,2644
HEDJ,15287
TYG,8741
UOVEY,132
ORIG,5478
MTSL,20
MTSN,4950
TYL,4658
COHU,64
HMTV,58
MLCG,500
TYN,1784
THGA,90
MCRI,119
COHR,1529
TYO,1520
ORIT,50
SGAMY,1015
CXA,721
LII,3171
ZAGG,4679
SMTC,18230
LIN,8592
CXE,34648
CXH,2438
MCRS,7597
MCRL,2830
TYY,4941
LIT,280
SSDOY,204
BDVSY,18
IPXL,6768
CXM,67445
TZA,903807
CXP,18244
CXO,85577
AIRYY,340
TZE,230
TZD,3782
TZG,50
TZI,200
CXW,21761
ALSMY,1621
TZL,106
TZO,182
BLFS,2155
BLFR,2000
CYB,513
CYD,632
TZW,1407
TZV,681
TZY,200
SEGI,250000
ALBKY,458118
CYH,45442
ORLY,20158
ECIFY,525
CYN,2727
CYS,44696
TOSYY,30
OAKS,1365
CYT,1825
GBCI,11096
BLGX,100
VNOD,2782
KNOP,35
MLER,800
CZA,2347
NOHO,1847999
LKQ,30939
DAKT,1917
CZR,13204
GBDC,8909
WIBC,14424
RBCN,4486
DAKP,100
CZZ,69963
TY.PR,95
XTXI,3047
LEN.B,450
EMBB,802
SEIC,21779
THLD,7941
MLHR,5243
LLL,237970
DROP,162000
LYG.PR.A,894
PURA,1
AQUM,3870300
LLY,157952
EMBR,3000
GBGD,1000
COKE,872
SSUMY,600
PMBC,1
BKJAY,25
PURE,605
PNPFF,22300
EUSA,376
LIFE,50152
ORMP,260101
HCN.PR.J,901
GBEN,50000
HCN.PR.I,1
DANG,100939
TYY.PR.C,301
ALBMP,42
DEMBF,308
BLIN,5280
HTHIY,40
LMT,107393
COLM,4070
VNQI,7079
COLE,138851
MZDAF,200
COLB,560
MLHC,600
LNC,64656
PMCM,3236666
LNG,102886
BCYP,25000
FLMTF,85000
PMCS,19139
GS.PR.J,1690
LNN,1146
VNO.PR.L,1776
VNO.PR.K,1597
CMAKY,103
VNTV,36181
VNO.PR.J,3250
MS.PR.A,1202
LNT,9827
RAFLF,6100
VNO.PR.I,492
COMM,3668
VNO.PR.G,1332
HELE,1402
SVMI,45000
BLUSF,333
TYPE,1829
JFTTL,20
TLSNY,133
EMCB,3600
YOKU,39270
EMCD,201
GSIG,128
PMBS,108000
EMCG,630
MS.PR.F,5100
LOR,1018
EMCI,33
TI.A,658
DSEEY,1501
GS.PR.D,1705
GS.PR.B,1575
LOV,219
GS.PR.C,200
CONN,14909
LOW,468668
GS.PR.I,222
GSIT,27317
ATRNQ,50092
CONE,1344
SVLC,36745
GS.PR.A,2100
WIFI,1488
BLKB,1042
UAM,959
DDAIF,2674
UAL,112143
HEMP,7135929
GZPFY,373
UAN,5132
HBCYF,1398
LPI,9068
RBIZ,5000
LPL,12735
SEMG,54540
RYDBF,863
GBRRF,2400
LPS,17980
EMFM,326
EMFN,405
HENC,1000
LPX,39787
UBA,6445
COOL,9339
EMFT,422
UBC,180
PMFG,7
LQD,60088
PWAZQ,500
WIIM,2200
BLLB,500000
UBP,4
UBR,826
UBT,12000
AHONY,1775
YONG,25423
UBS,139069
CBS.A,358
LGSXY,100
UCBA,1200
SELF,1238
COPX,16245
LNGLF,900
BLMT,208
DAL,754419
RYDAF,831
DDAIY,402
THOR,7948
DAN,32929
OGZPY,7261
JSAIY,550
UCBI,11160
DARA,11590
BLMN,10480
UCC,6
DRRX,4937
DAR,12402
KFFB,867
EMES,5443
FRFHF,214
EMEY,1
LRE,502
UCO,254632
CORE,1161
THRD,300
DBA,117203
UCP,28
DBC,61313
JMHLY,1350
DBB,42642
DBE,114813
DBD,26400
THRM,11258
IQDF,300
LRN,9290
THRK,656
MLNX,39646
DBL,175
DBO,4880
LRY,59878
BKRKY,1543
DBP,12100
DBS,1500
DBU,777
XLNX,209892
HEPI,7500
TYTN,4333
DBV,1145
THRX,33039
LSC,12926
UDN,1206
AIMC,1274
LSG,8400
UDR,42842
UTEK,8826
LSI,1233002
STPFQ,46354
DCA,18267
CESDF,100
DCE,8098
DCI,9070
CXDC,6598
BLOX,41667
ORSX,58
DCM,8997
DCO,688
DATE,2441
CORT,12911
DRTX,2359
UEC,9853
IACAF,19220
CORR,280
DCT,108976
CORP,640
DATA,90770
HVPW,360
CORN,4502
MLNK,3984
EDVP,11
GBLI,7
LTC,1141
SOIGF,550
HEOP,207
COGLF,3800
DRWI,3500
PPERY,3712
DDC,10903
COTE,7770
MLPX,160
DDE,394
LTM,13057
GSPI,514000
DDD,233143
EMJI,82000
LTS,11359
CXEE,200
DDM,40650
MLPY,250
HERB,200
THTI,850
UTHR,8590
EGDFF,7300
DDP,230
LINC,1339
GSPT,375
DDS,241230
COST,52396
DDR,97806
LINE,101932
LUB,155
YOSN,700
UFI,4144
COSM,520
PWAVQ,46
HERO,185683
ZRVT,200
EDWY,5
WILC,2001
MLOV,1
NORW,408
WILD,900
LUK,46066
UFS,16755
SNAK,16
DEF,7379
EMIF,1255
DEG,4005
MUAE,808
DEJ,10000
GSOL,1293
MUAF,215
DEI,28558
AZPN,7716
MTSXY,1000
EDXC,258947
DEL,25
LUV,200735
JCTCF,200
UCFC,17
DEM,78864
UGA,1382
MUAC,2
LUX,471
AINV,24849
COTY,5400
DEO,41582
MUAD,4
MLPG,54
YORW,104
EMIS,600
DES,3595
DAVE,100
MLPA,700
UGI,5325
DEX,1022
DEW,436
RSOL,105655
GBNK,306
MLPN,729
BTLCY,100
SNBC,710
UGL,14574
MLPI,2276
WILN,4400
MLPL,3305
UGP,13000
DFE,47531
LVL,1651
SNDK,159578
LIOX,3197
NGEN,200
THVB,300
DRYS,4168255
LVS,289662
DFJ,2888
MDBX,15593
NOVB,300
LRAD,2574
XTMCF,1800
EMLP,18245
BLRX,4480
DFP,566
DFS,145628
MDCA,27526
CGEN,14416
DFT,18528
DFZ,213
XLRN,5690
MDCI,2710
LWC,23
UHN,549
BDBD,4551
MDCE,1
ORYN,3000
SGLRF,8575
AA,983339
UHT,3141
AB,17824
UHS,18834
PKREY,394
COWI,670000
AE,502
AF,65696
AG,173842
SOCGP,100
AH,51377
DGI,21100
SHGDF,4999
DGL,721
AI,3633
BLTA,171294
MDAV,10990
UTIW,7214
AL,12597
LEGPF,8565
DGP,10243
SNCR,48803
MDAS,4104
AN,45892
BDCS,4406
WINA,102
AP,963
EMKR,3098
DGT,530
AGESY,102
DGS,27172
AR,24152
BDCO,74
AT,45594
FCUUF,500
BDCL,4878
AU,142052
DGX,100326
AV,4770
DGZ,8053
COVS,4407
CBB.PR.B,605
ARAY,13105
COVR,1300
UIL,19284
BDCG,5
ARESF,1
UIS,12141
LXK,16809
BA,172266
EMLC,23882
LION,531
ARCP,165324
STRZA,24782
BC,13063
AIRI,1700
DHG,462
DHF,21304
HCIIP,300
ARCO,23210
LIQT,3252
DHI,522193
BLUF,2
BG,5946
BLUE,1922
LXP,79275
BH,42
RSSS,125
GM.WS.A,7546
LXU,2483
GM.WS.B,7530
BK,288222
ARCI,301
INCAF,10000
BP,291024
DHS,6056
DHR,138022
ARCC,84748
BR,13131
RSTI,753
DHT,18461
UTMD,10
BT,2937
LYB,107184
DHY,65620
BV,449
DHX,3465
PMNA,200
BX,428663
LRCX,84988
PL.PR.C,4840
EXPGY,1100
LYG,143461
SEVA,966
ARBV,502
PL.PR.E,200
COWN,463
LABL,113
DIA,1506007
CA,39610
CB,35602
CE,11750
NXHD,6000
DIG,4084
CF,20567
CG,1585
EADSY,9554
CH,4426
CI,30882
ARNGF,200
MDCO,4323
LYV,26155
DIN,442
LUNMF,13
DIM,113
CL,130419
EXPGF,360
DDR.PR.K,67
CM,11008
CO,101
SNET,10000
CP,36823
DIT,4
ARDC,12103
EMMS,1450
DIS,487304
CR,2243
CWYUF,120
DIV,1222
CS,56407
UKF,10
CU,5300
MDDD,25070
CW,8342
CX,993586
LZB,5963
BLUU,2500
CY,66582
SVVC,2483
ARCW,5833
VWOB,1372
AIRM,7150
DB,85932
WISHY,1900
UKW,50
DD,284738
DE,448655
DF,17845
LACO,622
SVXY,34490
DG,1342472
DK,38222
FNMAT,500
SNHN,4394
DL,1834
LITB,26398
DM,18900
SNHY,312
DJP,18278
DO,329582
CGIX,763
DQ,3425
HVYW,1000
FHCO,2139
FNMAJ,500
DV,1608
DW,2921
DX,15040
FNMAG,100
DY,564
TQLA,21
BDORY,5826
WREI,542
EA,151807
NVEEW,1103
EDVMF,3700
EC,14796
GRBMF,29
ED,143855
BRGYY,13194
EE,419
LHHMQ,8251
WABC,1596
DKL,100
EJ,169785
TCBIP,1114
MDFZF,800
LRDC,5000
HEWA,49403
EL,17242
ZAZA,19731
TCBIL,35
PRIS.B,3800
UMC,50418
DKT,196
DKS,27025
WIRE,1590
CRARY,10028
EU,322
AADR,2056
EV,7697
FPRX,4306
UMH,6427
EW,18926
EVAC,261
GAINP,1
DLA,604
GSVC,31907
HWTFF,1800
AREX,8138
DLB,6471
FB,2852550
AGO.PR.F,10
EVAL,100
FC,110
AGO.PR.E,630
BDGE,544
FE,193655
FF,2887
ARGT,310
UMX,68
VOCS,923
FI,2932
GSXN,5000
FL,73016
DLN,1788
FM,31952
KODK,2615
FN,725
ERFBD,890
DLS,6007
DLR,100633
FR,16434
IQNT,15491
UNF,1915
UNH,209891
FT,500
UNG,379192
LIVE,7264
DLX,11023
UNL,1141
PVCT,161743
ADDYY,963
UNM,54287
RSXJ,66
BRPIF,500
UNP,194238
NGLE,1
DMB,5221
UCPA,750
GA,11510
UNT,3563
DMD,277
UNS,27888
GB,44
DMF,13113
GD,90471
GE,2451677
GF,5743
GG,571549
SJMHF,2000
WRES,24618
EVBS,30
GK,41
GM,688225
DMO,1550
WITE,200
GS,173693
GT,65581
AKZOY,115
KFRC,2016
EVCA,352000
GY,97426
TOELY,2600
XUII,13333
JCOM,751
HA,22157
DNB,6874
GUKYF,1669
ARNBF,100
HD,277897
MDHI,105000
HE,7424
DNI,202
HF,1507
OSBC,3530
HH,7900
WAGE,4178
HI,1892
PVEC,10083433
FCE.A,11442
MH.PR.A,151
DNL,10
HK,16575
DNO,300
HL,602073
DNN,42069
ARIS,450
DNP,20214
HP,19052
DNR,192631
KGTFY,914
AIXG,12813
HR,15763
HT,6563
MSBHY,32
HW,4972
ARII,2196
UPL,103070
HY,3841
UTSI,233
DSCI,488
ARIA,2026655
DOD,6242
ZARFF,10
UPS,70548
DOC,18
EVFN,3
UPV,70
DSCO,2252
RBYC,5000
OBAF,100
UPW,1
DOG,14727
IF,844
IG,5070
DOL,1570
MDIV,2940
WAFD,10714
DON,8421
DOM,150
IL,15101
TQNT,101512
IM,11032
NGLS,5428
LIWA,2000
DOO,3701
IO,59942
IP,119292
PEBO,5485
WRGL,10152
IR,91456
DOV,25612
MGPHF,12550
IT,4731
FINMY,578
MAA,16337
DOX,9811
DOW,300351
MAC,14505
MAB,184
IX,286
UQM,5250
CGNX,27494
MAG,13
DPD,177
DPG,683
AVIFY,116
JE,3787
MAN,35247
SNLN,474
EVEP,1621
RSYS,22
MAS,137709
EVER,7589
WAFR,71000
MAR,53864
DPM,666
MAT,33072
MDLZ,278589
DPO,564
MAV,1000
URA,6221
JO,6319
DPS,59769
MUNI,2748
NGPC,167
URE,20101
DPW,300
URG,108279
KPELY,190
MBB,4642
EVHC,6395
URI,56493
CELGZ,575
EEFT,6112
MKTAY,100
CZICF,4800
DPZ,7809
CPAC,500
DBBR,703
URR,1
RSO.PR.B,1300
WIZD,150
MBI,19496
RDS.B,40779
KB,2608
URS,10461
RDS.A,144314
AAIR,1000
KF,2825
WAIR,2404
URZ,14699
MDMN,29000
OBCI,1460
MBT,46013
SNMX,135
USA,57251
KO,699663
USB,893061
TSRER,4000
USD,705
KR,136191
NXPI,139943
KS,13171
USG,135698
KT,2604
MCA,607
ARLP,827
MCC,6543
KW,610
USM,3375
WRIT,1850000
USL,425
MCD,182525
USO,380874
MCF,8254
MCI,100
DRC,10015
MCK,55134
LB,32113
DRE,93063
USU,10869
UST,1364
BDMS,1
DRD,10201
MCO,101318
EVGN,701
MCN,2100
TQQQ,119069
LF,45068
DRI,26156
DRH,18906
MCP,2538720
LG,2122
LH,18621
MCS,17
MCR,6218
DRL,607
LL,11561
DBEF,3916
LM,63575
DRN,15775
DRQ,1759
MCY,5091
UURAF,20800
LO,34586
DRR,300
MCZ,25807
UTF,20381
DRW,512
EMXX,49307
UTG,4225
DRV,7670
KIM.PR.H,8
UTI,207
GKNT,2300
VOIS,116457
MDD,10
UTL,414
KIM.PR.K,447
HWCC,962
MDC,57610
KIM.PR.I,1
NGRC,4900
KIM.PR.J,300
UBS.PR.D,89
NXST,4190
ARMK,14722
PMXO,1000
ARMH,95930
MA,83506
ARMF,3265
MDM,220
MD,13700
UTX,213439
MDP,2237
FHLC,21437
MDR,223229
MG,227
HNRG,852
NXTH,100000
DSI,1996
MDT,73093
DSL,6483
HFBC,200
NXTD,103
MDU,20520
DSM,30378
MM,68783
HLTOY,8305
MDW,3682
MN,12
MO,235357
MDY,259069
DST,11170
HWAY,19403
MR,54048
DSS,10350
MS,590334
MT,424207
DSU,36550
NPBC,36255
RTPRQ,1000
MU,1933605
MEA,56315
DSX,51511
AAMC,384
DSW,24723
SCHYY,173
UCTT,3597
PEGA,1269
FYLD,12171
MW,1388
MX,12347
TIBX,42533
MY,69699
LAKE,200
MED,1968
MEG,30128
MEI,18470
UUP,27028
DBEU,400
PEGI,5342
TICC,5517
DTE,57582
SCHYF,300
DTD,3296
NC,107
MEN,3961
DTF,6077
NE,90434
SNPS,23710
MDNT,333300
NG,243365
DTH,660
HWBK,10
ARNA,123157
NI,32796
WRLD,313
NJ,703
MET,212306
DTO,39618
NL,2562
DTN,5962
NM,111739
HNSN,3280
PEIX,6634
GTAT,211718
NP,3499
NQ,354561
NR,10668
NS,5604
DTT,1126
UVE,75458
DTV,177987
UVG,1
NU,56100
AROW,261
LAND,400
MFA,66989
LANC,952
NX,2367
NY,1
MFC,51024
DTZ,290
AZURF,5275
MFG,45063
MFI,400
DUA,1
BURL,1169
MUSA,8424
UVT,214
MFL,8387
DUC,200
OB,1708
OC,29182
UVV,3955
MFM,15457
DUG,1854
VOLC,8974
MFT,190
OI,42364
CGRIF,26
DUK,128836
MFV,2791
GRX.PR.A,566
SNSS,368
DSGX,268
AAON,693
AAOI,5
MMAB,1335
MGA,18528
NXTM,7353
MGC,5527
UWM,41374
BKKLY,220
GTAA,1619
UWN,2201
MGF,100
DVA,354551
MGI,212
CPFI,2200
ULGX,1000
MGK,23972
PEII,1473316
MGM,309245
PB,4309
ARPI,31466
MGN,2000
DNPUF,500
PF,9791
DBGR,1520
PG,353415
PH,31752
MGR,622
LAMR,7524
SNRV,15000
OSHC,550
DVM,1
MGU,434
BUSE,426
MGT,15603
PL,9953
MGV,868
DVN,75738
PM,158169
WLCDF,100
KOLD,1038
CRRFY,5270
PQ,11151
DVR,18572
AAPL,759322
NGVC,904
PT,27313
AWLCF,3690
UXJ,246
DVY,94499
RCAP,301
AAPH,29000
UXI,1554
BDSI,7724
MHD,16339
PX,50453
MHF,3571
EELV,1135
MHE,2
MHH,1507
AIBYY,9495
DWA,10499
CPGI,77
MHK,19717
MHN,736
ARQL,7677
SFEG,18000
EEMA,1525
SWFT,114762
MHO,10832
MHR,93443
MDSO,10154
EEME,111
VONE,290
VONG,133
CUBE.PR.A,1384
DWM,3306
DSKX,3000
AEXPD,131
PEYUF,200
MHY,19052
UYG,3999
DWX,20801
MIC,4105
ARRY,55921
UYM,4164
MIE,15319
OSIR,567
VOLT,15974
MIG,985
GCAP,1536
DIISY,113
OSIS,6624
AALCP,2906
ARRS,22604
STBFY,132
SNTA,35961
DXB,100
MIL,4525
DXD,131032
MIN,73775
RE,10720
RF,386886
KONA,150
SWET,1000
TGONF,121900
RH,8111
SNTI,12918
CPHD,2915
DXJ,564232
DXM,568
MDRX,25412
MIW,7002
RL,19874
RM,529
MIY,5735
GCBC,36
UZA,376
KONG,8337
RP,715
HREEF,1300
KOPN,1423
RS,4054
RT,7809
OSLH,300
RTEC,1212
RY,19548
VOOV,1028
MJI,300
SA,10520
SB,40373
PENN,37014
MJN,433824
SD,828921
CWYCF,110
SE,65408
SF,6867
SH,46972
SI,32697
DYN,2328
SM,94701
PENX,9
SN,6332
DBJP,13373
SO,142701
ARSD,82
SP,15
SR,9
ST,8594
SU,98818
KOOL,1250
MKC,16527
EEMS,8873
IIIN,1540
AASL,200
DBLE,2765
VONV,864
EEMV,14136
ARTW,100
OBJE,22861
ARTX,62599
XDSL,2330996
TA,11852
EVOL,6840
TC,50658
MKL,2189
TD,26378
TE,78960
ARTR,50000
TG,648
DZK,4808
UBSFY,1601
TI,5539
NUSMF,400
TK,2270
SWHC,67075
VOOG,3794
DSLV,28563
TM,7185
ITMSF,26500
ARTH,10822
IIJI,200
TR,1510
ARTC,648
TS,6054
TU,2801
DBMM,1140000
TV,19007
TW,29087
KORU,425
TX,15
LATF,5550200
DZZ,55362
TY,1427
KORS,127403
SNYL,554117
TILE,1268
MLG,8
MLI,93
UA,14129
EVRM,1100000
LATM,260
MLN,469
MLM,3045
KORZ,85
HWKN,512
MLP,5212
MLR,231
UG,51
ARUN,57134
GTHP,3050
CBSTZ,325
UL,103890
MLU,3620
KSFTF,215
ENBP,200
EVRY,419
UN,101247
TILT,2221
ICLDW,23814
GCEI,50000
MMC,73060
BMIX,13300
MMD,2073
MMI,32
SWIR,63630
MDVN,2588
VB,47459
MMM,433308
VC,36666
CPLP,1681
VE,10070
MMP,12631
VG,31569
RKUS,24217
MMS,3892
PEOP,25
MMU,20265
MMT,24924
WASH,205
CIOXY,292
VO,23267
IILG,3096
DSNY,40546
PHIIK,5
VR,74127
KLBAY,316
CPLA,352
VT,11812
USCRW,28
VV,12829
EVTC,5388
MDYG,1863
TZOO,414
VZ,383318
MNE,205
PNCH,221439
FLNXF,1000
PERI,23324
MNI,3543
MNK,4532
PERF,333
WD,555
MNP,9115
ALLAY,100
WF,40
AAVG,1000000
MNR,14374
WG,2639
MDYV,743
WH,300
PVTB,6448
ARWR,24852
ROAOF,98
DKAM,40000
PVTD,171
ENDO,88450
ENDP,455642
WM,42322
RTIX,83
PERY,243
WR,65979
EREPF,27100
WU,123677
MOC,2000
WX,21201
WY,107373
MDXG,31597
MOD,4078
DSPG,18900
SWKH,40
MOH,109384
EVSI,3230
SWKS,162386
MOO,11841
MON,482082
WACLY,34
MOS,104217
GTIM,307
DNPLY,337
REN.WS,1497
XL,36138
QQEW,6956
EVSV,3596228
GEF.B,307
MOV,19
GTIP,22
VAC,6766
GTIV,8237
PMGYF,2000
MPA,238
VAL,14384
MMLP,378
MPC,185350
MPE,1200
FHWY,514
VAR,14798
SFLY,6428
SFMI,68666
CSUAY,2209
CPOW,90
PETM,38399
AAXJ,87027
BAESY,4124
VAW,5538
MPO,10408
TRAK,1389
OBQI,36900
PETS,2232
LYSCF,3900
MPV,388
BNCIF,565
MPX,25
MPW,19801
GTLS,13647
ENFR,400
STKAF,400
TIPZ,251
IRBS,10000
IRBT,20826
VBF,2626
PETX,449
VBK,23190
AAWW,968
ULST,3840
YY,94027
CYBK,50000
LYSDY,4300
WAVX,103
EAC,225
WPPGY,2199
DBRM,50000
EAB,100
VBR,27476
TINY,780
ZA,620
KGET,1350000
EAD,47210
HRELF,120
ZF,4251
FANUY,3293
MQT,3788
LAWS,600
ZN,3091
MQY,3331
RCII,7591
VCF,305
EAT,23331
ZU,6102
VCI,46852
ZX,3750
CPPD,500
MRC,7132
MRH,2883
VCO,15
VCR,19541
MRK,450271
DSUM,9143
VCV,22850
EBF,2458
CYCC,8961
COR.PR.A,1
MRO,168691
NYCB,56872
IRDM,19912
SFOR,2070300
VOXX,6107
CYBX,698
ULUR,1840
HZUVF,480
VDC,17576
EBR,113315
TEZNY,457
HRELY,3
VDE,12748
EBS,25874
KMI.WS,210589
MSA,1224
AIBSF,600
IACI,16301
MSB,7164
MSD,976
MSG,16150
KNYJY,2016
MSF,5215
AUNFF,25750
ECA,124701
MSI,11596
ULTA,20847
ENGA,360
MSK,103
DSTI,406
CYNAF,28480
MSJ,404
HUWHY,109
MSM,44490
MSL,11
MSO,5330
ECF,152
MSN,598
LAYN,1119
ECH,6849
MSP,281
ULTI,5951
BNKXF,5974
CPRX,15375
RCKE,133510
PNFP,2120
RCKB,259
MMMW,2000
SFNC,935
ECL,30590
CPRT,27573
ADDDF,118
ULTR,20
VEA,395655
MSZ,894
ECT,3545
WAYN,300
CWGYF,4000
RCKY,112
MTB,36537
MTD,1967
OSTK,11777
VGGL,450
ZBRA,3915
MTH,17325
RBS.PR.L,232
MTG,99622
DSWL,7564
MTL,38916
EDD,12393
VET,442
RBS.PR.P,750
MTK,664
EDC,590762
CPTA,855
MTN,376
EDF,1041
RBS.PR.N,2357
VEU,130769
EDE,7485
RBS.PR.M,6404
TITN,11343
TADF,25000
TNTEY,371
EDI,2714
CHCR,12500
CLPHY,13901
PNC.WS,3092
MTT,300
TRER,1000
RBS.PR.H,2468
MTS,100
RBS.PR.G,1866
EDN,2990
CHCO,484
RBS.PR.F,2
MTU,68282
RSNAY,2000
RBS.PR.E,667
XMPT,1
MTX,251
MTW,36227
CPST,75982
VFC,156916
EDR,11355
DKGR,1000
MTZ,35160
CPSS,13267
EDT,1300
CHCI,3300
EDS,1312
EDV,1524
TREX,1617
EDU,33298
MUA,982
RBS.PR.T,6966
NPTN,3011
VFH,15785
RBS.PR.S,328
EDZ,49855
MUC,4576
RBS.PR.R,5
MUB,14175
FUJHF,25
RBS.PR.Q,1
MUE,3207
CPSI,1169
VFL,1
SWSH,2913
MUI,7405
MUH,292
EEB,3106
MUJ,1307
BMRC,306
TISA,12180
OSUR,6512
CHDX,97
BEAV,10942
EEI,1261
BEAT,9560
VOYA,20529
MUS,4010
SFPI,4000
MUR,19264
EEM,9218448
TISI,1264
JUHL,2927
FUJHY,1880
EEQ,8749
BEAM,15637
ENIP,50606
CHDN,126
EEP,13040
MUX,135782
EES,4524
VGIT,2529
EET,1552
TRDX,14997
EEV,28962
TACT,380
TREE,831
VGI,2835
IRET,8612
VGK,184551
MVC,20
NPSP,43435
MVF,34392
SWRI,2000
VGM,21352
RCMT,2565
MVG,7300
SWRF,20000
VGR,13155
TRGP,15320
EFA,1366886
VGT,29566
EFC,538
EFF,53
MVO,5071
EFG,26294
VGZ,33300
TIVO,82456
FUJIY,116
CHEV,1
EPGRQ,1500
OSGIQ,2264
MVV,13672
TRGT,4179
EFM,110
EFO,2070
VHC,2522
VGLS,19831
EFR,21119
VGLT,800
MMSI,960
EFT,20771
SFST,300
LJPC,340805
RCPT,1314
EFV,32976
AHL.PR.B,351
MTNOY,8925
EFU,200
AHL.PR.A,778
MWA,21494
EFX,6030
VHI,1681
GLBS,400
EFZ,180
BMRN,7990
IAGI,500
BK.PR.C,1457
BEBE,1782
CHEF,318
MWE,15549
BMRK,1800
MWG,6495
KHOLY,522
CPTCQ,4001
SKHSY,242
VHT,19367
VNGRF,16
SOCL,2865
MWO,161
BMTC,1699
GLAXF,30
EGI,141
MWR,289
GLAD,8290
EGL,412
AHL.PR.C,148
MWW,204193
EGO,363002
ASBB,300
EGN,18692
MWV,13531
ASBC,20084
ANIMF,100
MEAS,899
VIA,1375
EGP,2678
CHLKF,55
MMRF,2169
USCXW,28
IIVI,6511
BECN,2924
CHFN,9
VIG,118629
EGY,16198
MXA,2
BMSN,110000
MXC,1082
MXF,484
MXE,410
VIP,28919
CHFC,4582
MXI,954
SODA,17621
SFRX,130500
MXL,2131
VIS,16766
NPWZ,44400
VIV,125694
TRIP,67969
MXN,1
SOFN,13000
EBR.B,14225
SOFO,300
GLDD,1856
MEDL,1263
LSCC,3332
ABAX,3561
EHI,14981
TIXC,120
HENKY,177
GAPWP,1
WSBF,17
LSCG,20
ABAT,7616
SFUN,32581
GLDI,153
LBAS,1500
ASCC,13090
MTLQU,951
OIBR.C,1964
HRTPY,47926
CHGS,1286
PEB.PR.B,203
PWCDF,302
QQQE,566
TAHO,5532
QQQC,612
MYC,2645
WSCE,1491774
CPWR,68639
MYE,528
GLDX,925
DGEAF,473
MYD,1520
CHGG,9909
MYF,6764
WBAI,63828
EIA,2137
MYI,2627
ENOC,21440
KPLUF,160
MYJ,8724
MYM,7323
CEMTY,1
ENMD,7974
MYL,96127
EIG,1820
MYN,6840
SOEN,2500
CHC.WS,11500
EIM,5503
GTSO,50
TAGG,4894000
ABBV,551828
NPSNY,23
EIP,933
EIS,350
TRIB,2002
SWVI,30259
MEDA,500
CPXX,1000
EIV,951
WSFSL,150
LSBK,100
WOSYY,440
HOFT,548
VKI,21394
MZA,13
EIX,73221
WSBC,2347
TRII,50
IRIX,2917
VKQ,10637
LBAI,12
BNEFF,711
NCMGY,1954
ENPH,5947
SOHO,19515
ASEI,169
CHIX,46265
MZZ,5711
FICO,21699
SOHU,2977
ASEA,2950
CHIQ,15747
EWBC,8836
ABCO,2047
TRLA,27602
EFLVF,1000
VLO,244324
ARFXF,12000
SOIL,7776
VLP,8215
ABCE,100
VLU,1
ABCB,256
CHIE,400
VLT,3763
WBCO,416
CHKE,20
QQQX,9548
PNNT,58356
VLY,51643
MEET,4314
FIBG,1400
HFWA,822
ASFI,379
FIBK,997
VMC,22723
JUNR,600
MJGCF,6000
CYLC,97743
VMI,6898
GLER,137528
VMM,1637
VMO,8301
ELB,1
ELD,15862
VMW,118330
RLGT,3682
WSFS,389
ELJ,2025
CHLC,70
UUPT,100
TRMR,58828
XVIX,200
ASGN,7784
KFN.PR,100
ELP,40631
PNRA,1434
RLGY,1368835
TALK,2500
ENRT,30000
HENOY,650
ABEV,260451
ELS,34335
TSYHY,52
AIDIF,3299
ELX,7472
UDOW,38980
PFBC,3291
NYMX,2000
ELY,21968
FIEU,200
CHKR,7673
VNM,5951
CHKP,70483
SDSDF,1550
VNO,27339
PNRG,4
NYMT,22318
WSGI,28600
NHLD,3500
VNQ,530104
PFBI,400
TRNO,409
EMC,523250
ASFX,1652
EMB,68391
MEIP,1470
VNR,7273
EME,5157
EMD,8956
ENSG,1970
MMYT,4225
EMF,23227
MEIL,400
CHMG,12
CCOZY,273
ASHR,25617
ABGB,18
EMJ,100
DUETF,1000
EML,200
EMO,10998
SFXE,14564
EMN,54996
PSGTY,100
NYLD,6825
CYNO,447
VOD,352596
EMR,51185
VOC,3332
VOE,10124
UTX.PR.A,9
CYNI,34588
ABFS,6385
JPM.WS,2100
EMZ,280
PNQI,4603
TRMB,26879
FIDU,33756
FCNCA,353
EFAV,8620
MVIS,8551
VOO,65712
ENB,44514
VOT,4654
END,2643
TRMK,2557
WFC.PR.R,35200
IALS,68
VOX,11113
ENH,8079
VPCOD,4405
ENG,1275
GTXI,11698
TROX,6861
IWDMD,3000
WFC.PR.N,6200
TROW,57466
ENI,13074
WFC.PR.O,1102
PWEB,1000
TROV,437
ENL,1368
WFC.PR.P,2538
WFC.PR.Q,6148
CYOU,28
ABHD,29951
WFC.PR.J,5326
SOLS,700
WFC.PR.L,132
CHNA,100
ENTR,12107
ENR,12123
VXUS,8948
TANN,601
ENT,2258
ENS,5531
VPG,1083
ENV,3765
HOMS,40
ENX,3226
VPER,1831101
ENY,718
RTOKY,900
VPFG,1513
VPL,63715
CHMT,34691
ASIA,7230
FIGY,882
KUBTY,1124
CCGGY,11
EOC,1240
PNTR,4662
VPU,11244
EOD,78946
EOG,78501
VPV,13408
EOI,17823
CHMI,1100
JMBA,1846
MKRYF,900
CYPW,124800
ENSL,200
IROG,200
UMAM,2250
TRNS,331
HOLI,3071
CHOC,264
TAMO,5500
EOS,8187
UMAX,1000
IROQ,1
EOT,4581
ENSV,2227
WSGP,2600
VGSH,2594
EOX,2994
TRNX,943
NAD,3896
ABR.PR.A,100
NAC,5563
HOLX,46302
NYNY,760
CHEUY,127
EPB,2269
ENTA,1300
CHNR,9968
EPD,82147
VQT,147
NAK,6433
SAN.PR.E,238
NAN,6900
EWEM,46
KELYA,10610
UMBF,1455
SAN.PR.C,201
ENTG,5591
HOMB,26449
HOME,62
EPI,371197
NAT,155745
EPL,13672
QIHU,86430
NAV,9321
EPM,52
VRA,14455
EPP,20475
EPR,7127
NAZ,3980
YHOO,413120
LBIX,10000
BF.B,11038
SONS,13256
BF.A,650
EPS,460
MVNR,22
EPV,13050
EPU,4319
KBCSY,82
OKSB,7
NBB,718
NBD,271
NBG,191252
KMTUY,1338
NBH,18569
VRS,5
VPHM,38843
NBL,95400
DNZOY,105
CHOP,100
ABIO,9500
NBO,102
VRX,820980
EWHS,50
NBS,10798
ORSUF,23000
MEMP,48643
NBR,157749
EQM,12618
EQL,619
NBY,100
VSB,127
EQS,14
EQR,78014
EQU,40628
EQT,37502
MELA,42911
SONA,200
VSH,9711
SHNZY,107
EQY,76493
LTS.PR.A,1
VSI,8810
NCA,2608
RF.PR.A,966
MELI,14688
VSR,700
ERB,131981
NCI,2661
ERA,2533
VSS,3803
ERC,39813
DKSC,10000
SONC,5896
TUWLF,35
ERF,14476
JDST,9266
NCP,2633
ERH,2378
QQXT,377
NCO,85
GLLA,1500
ERJ,20164
NCR,36288
ENVI,8465
NCQ,13589
NCT,19762
JDSU,121426
NCS,8511
UMDD,3123
BURBY,1500
NCV,11876
MYBUF,85
VTA,46298
TRSY,117
NCZ,40453
SOPW,111425
ERS,22
VTG,9307
ERX,24315
VTI,298243
TRTC,368030
ERY,40047
TARO,895
ASML,47427
ASMI,29
VTN,8151
MSADY,2570
ESC,17240
PTKFY,297
VTR,94667
MEOH,7229
PCRFY,965
ESE,1098
ESD,4358
VTV,25789
ESI,7665
LFRGY,15
NDP,2427
MRWSY,1546
GLOG,912
ESL,2921
SMDZF,3000
ESS,43352
ESR,4899
NDZ,3230
CYTX,20936
PALAF,6382
TRRU,10560
ABMD,5688
UUUU,600
MENB,300
OTEL,1211
VUG,24195
ESV,62253
SENEA,411
NEA,300
MONIF,360803
CYTR,272941
NEE,101816
VPIG,1000
WFIFF,100
ETB,4213
CYTK,2098
PALAY,2306
CHRW,65262
NEM,824669
ETE,13228
NKG.PR.D,625
IART,393
TRST,14810
ETH,916
NEO,1299
NKG.PR.E,6
ETG,5364
MENT,4363
ETJ,25750
GLHRF,4000
ASNA,267913
OTEX,11717
NES,4898
ETN,227942
NEV,14607
ETM,567
GLNG,16576
NEU,1851
ETP,40686
ETO,6223
ETR,80223
VVC,8570
PFIS,975
TRUX,400
ETV,26020
VVI,160
ETX,2505
ENZY,1266
ETW,26255
BRE.PR.D,1
WBMD,2375
ETY,16835
NHTB,1000
GLPW,1120
NHTC,2425
NFG,6577
LBND,75
VPLM,58240
NFJ,38897
VVR,81359
IRWD,17631
NFO,1743
TAUG,6000
EUM,280326
CHSP,4177
EUO,108677
CHSO,250
ENTCF,31430
EFII,7960
NFX,70652
FILL,20
BNCN,3939
RLOC,12
BNCM,2
TAST,23
NGD,272276
BNCL,429
TASR,33759
ASPS,3265
NGE,200
SBMFF,200
VWO,2098292
NGG,19316
BVSN,250
SORL,1105
NGL,19398
LBMH,8400
EVC,38670
BNCC,1100
EVF,6309
SXCP,1498
PEGFF,2231
OCFC,5
EVG,5724
EVJ,345
ARWJF,1000
EVI,225
EVK,200
NGS,1471
ENZL,552
EVN,1200
CHTR,91635
EVM,113
SGBI,1075
ENZN,47928
NGX,5
CHTP,194536
GLPI,15920
EVO,3100
EVR,1316
NGZ,100
MFCSF,500
EVT,19113
AMP.PR.A,661
EVV,6372
VXF,10768
NHC,3253
MNDO,298
AKAM,43572
EVY,1183
WMMVF,4846
XNCR,1919
NHF,37765
NHI,10680
EWA,251583
TRXC,1311
EWC,13851
SOUP,1050
EWD,28264
EWG,305530
WMMVY,3106
BERY,5903
SOUL,180414
EWI,24141
BERX,883
CHUY,2167
FRAK,3192
EWH,100718
VXX,864110
EWK,101283
NHS,655
FRAN,5937
EWJ,1076392
VXZ,4053
OCIR,100
EWM,127353
EWL,70154
PFLT,113
HOKUQ,2896
SGEN,24332
EWO,3269
EWN,28406
EWQ,33502
EWP,48800
OCIP,2000
EWS,78521
FINL,20957
EWU,116717
EWT,313797
EWW,187283
HOTR,5000
EWV,19874
NIB,2759
EWY,317873
EWX,2889
NID,4852
TIKRF,33
ASRV,346
EWZ,1007707
FINU,326
ZTHO,357
VYM,27143
NIE,7677
EXA,2
FINZ,700
EXD,15978
EXC,246901
DCIX,9739
NIM,70
NHUR,1
EXH,6201
NIO,10753
EXG,76334
OTIV,25322
EXI,2217
NIQ,2001
EXL,2092
GLRE,6049
EXK,186562
BEST,50
EXP,5112
MERR,10000
EXR,16100
SGDH,21000
MERU,4695
BNDX,2016
EXT,1107
GLTR,3452
BNFT,1366
MYTAY,821
SNYFY,1590
CHXF,301
TAYC,111
CMCXF,200
SBMRY,314
FRCN,250832
NJR,13282
LSTG,7295
ATLKY,106
MNGA,1004
GLSO,9920
CHYR,686
PEGRF,200
NKA,400
HOVU,200
NKE,205460
PMOIY,28
ORKLY,500
AKRRF,250
EZA,8842
DTLK,47
METR,305
FRBK,300
EZJ,490
CPMCF,6126
PFMT,1975
TAXI,6964
EZM,6999
ASTI,323411
PWOD,4
RDCM,14176
NKX,244
SGTPY,394
CHXX,481
DOLHF,10000
NKY,16334
ASTE,119
ASTC,6012
EZU,124687
CIHKY,2057
EZY,6
FISV,15521
ABTL,1535
EWRI,104
FRED,7174
LKEN,2500
EWRL,10400
GTPPP,9
FREE,683400
EWRM,70
FITB,151146
EWRS,661
VPRT,4233
NLS,2321
NLR,283
BCDRF,300
JMPB,175
DCLT,200
NLY,613352
PWRD,3924
GDGI,101400
PFPT,15148
NMB,2
NMA,7231
WSTC,323
GLUU,82925
COF.PR.P,6463
FABK,4610
LSTS,2600
LSTR,23
WSTG,4240
DCNG,136
GLUX,2000
QABA,4062
NMI,100
NML,9375
NMM,9004
NMO,8393
SOXS,10047
NMR,12462
VELTF,47824
NMT,40
SOXL,16227
UMNG,1015000
LBSR,80439
TKRFF,2000
FISI,413
NMZ,19612
SOXX,21060
NMY,1492
WSTL,7695
RDEN,366
TTCNF,544
ROIAK,5942
OCLR,22501
OCLS,6579
NNA,24920
NNC,484
DCOM,769
MET.PR.B,3694
PEXNY,4605
SCHW.PR.B,3132
NNI,742
MET.PR.A,1736
NNJ,422
NNN,48092
FRGI,3627
RDHL,2004
GLYE,2000
EFSC,720
NNP,200
FIVE,4404
HRUFF,200
NNY,2
PODD,3856
MNKD,205029
VYEY,125
NOA,1645
NOC,39315
UBIQD,280
LKFN,2524
QNTQY,9
NOG,57740
FITX,14402932
PWRM,1771928
TUWOY,52
GUID,2819
EWSI,294500
QADA,6
NOK,1016266
DISCA,35427
HBEXF,8000
ABWG,5014
NOR,8919
EWSS,206
NOV,52635
DISCK,23124
NOW,74992
WAC,22811
FRFS,52000
KPTI,6819
WAB,11882
WAG,198977
UMPQ,12965
WEFIF,6600
WAL,6341
NPD,600
NPF,120
NPI,6122
DTSI,20
NPK,161
ISBC,14491
GULF,1329
NPM,3279
WAT,11264
NPO,345
PFTI,4999
NPP,100
QIWI,22202
SGMO,63672
PLCSF,29500
DTST,10000
BHKLY,3
ISBH,6000
ASYS,483
NPT,12855
NPV,236
NPY,2396
WBC,1392
SGMS,1484
WBK,12468
DTRC,20
NQC,16877
DMNKF,462
IPHYF,2000
CMCSK,14904
FAB,3974
NQJ,2774
NQI,2
FIVZ,497
FAD,2
FAC,914
WBS,14585
DTRK,58
PFSI,311
FAF,22466
NQM,12854
SGLB,180812
NQS,6663
FAN,12694
CMCSA,798423
FAM,9094
NQU,7019
WCC,4652
RLYP,1125
DLBS,500
FAS,122805
WCG,7132
QRHC,1000
JBAXY,14200
NECAE,1115000
FAX,51096
GKNLY,1102
FAZ,308609
WRI.PR.F,161
PFSW,1
NRG,70403
NRF,476745
WCN,6215
FBC,3360
OTTR,434
ZLCS,4802
BNNY,819
UEEC,550
FBG,2084
NRO,2800
BCS.PR.D,5927
TSCO,17770
BCS.PR.C,574
SGTZY,200
NRP,5112
BCS.PR.A,1588
POGS,500
SGOC,850
TBBK,349
BNNP,300
NRT,3730
CQQQ,3597
GUNR,1342
IBCA,725
FBP,9098
FBR,28044
WDC,72107
NRZ,10872
SGOL,2667
OLED,66519
FBT,9271
IBCE,24
HGPI,10
IBCB,96
VRSEF,6000
MOG.A,2267
IBCC,200
HL.PR.B,101
NSC,22554
FBZ,6
EFUT,3600
WBXU,1500
NSH,1171
WDR,13018
FCA,201
STRNY,600
NSL,10896
EONGY,16437
FCF,7188
NSM,3133
KHGT,20000
FCH,26359
ISCA,28
NSP,2394
FCG,25937
NSR,20644
DCTH,65137
NSS,1
FCN,3637
NSU,18325
WEA,1934
FCO,200
WEC,61218
ISCO,68659
FCT,100
FCS,4570
DLR.PR.E,298
FCX,588813
DLR.PR.F,158
DLR.PR.G,580
SGNT,1739
NTE,24321
OCRX,2742
HOCPY,23
TSEM,4628
NTG,9675
WEN,79969
PFXF,313
NTI,12286
FRMC,162803
WES,8882
DLGC,3500
NTK,4
RGARF,1000
HPP.PR.B,460
FRME,332
FDD,9448
NICK,411
NTN,240
FDI,939
WEX,1016
EWZS,3821
NTS,173
FDM,1238
CICN,5
NTT,1489
FDL,17084
FDO,36083
FDN,201092
FDP,2511
NTX,2782
XNPT,823
CICI,6000
DCUB,500
FDS,18097
WFD,26
DCUA,8005
WFC,1048586
NTZ,544
FDT,1842
SPCB,22151
KWIPF,500
FDX,183403
NUC,1221
RDNT,1200
NUE,31641
WFM,32225
ACSEF,1000
NUJ,1119
FIZZ,262
IBCP,1578
WFT,107778
NUM,5580
DBEXF,30
SPAR,2430
FEI,3475
CZFC,300
NUS,18326
FEN,5136
NUV,13152
FEM,4843
BFAM,1717
FEP,13690
WGA,100
CIDM,4300
FEO,1740
NUW,865
IBDA,202
FET,3179
FES,3533
FEU,17269
FEX,4460
SPBC,300
NICE,7794
FEZ,139524
IBDC,427
NVC,1086
TNSGF,210
OCTX,394
WGL,6422
WGO,5999
NVG,17
MWAR,62
FFA,10218
DLIA,2595
GURE,35793
WGP,2720
FFC,5657
AKPB,4975
NVO,13648
FFG,1144
ROICW,4538
NVS,65997
DTYS,464
ISHG,1052
SGLFF,1
NVR,6653
UEIC,2762
NVY,90
GURU,66930
CIEN,65834
NVX,9383
FFR,96
RMAX,1661
WHF,84
LHPTD,4000
FANG,3687
WHG,314
OLIE,110461
NWE,918
SCPZF,1000
WHR,23789
CFC.PR.B,4104
BWEN,8995
NWL,20692
FGD,8454
FRC.PR.E,982
GDOT,26247
NWN,2619
XIDEQ,19898
DASTY,2143
WHX,410
CFC.PR.A,584
FRNK,26
WHZ,14328
FGL,1116
NWS,19881
FGM,516
WIA,7810
FGP,9861
WFREF,500
SPCO,3000
NWY,10500
GMAN,173
ATAX,4101
DASTF,550
HGSH,79449
MNRO,821
SPDC,10809
ATAR,3400
FRC.PR.D,1
CIFC,16
WIN,170196
MNRK,2824
FRC.PR.B,6854
WIP,4904
FRC.PR.A,489
OCPNY,6
NXK,700
NXJ,2302
MNTX,4549
NXM,93
RUSHA,5905
JW.A,6620
WIT,8357
WIW,8745
XWES,555
BYDDF,1023
RUSS,375
NXQ,5501
ATCH,4000
WIX,20579
NXP,3811
NXR,5205
ACAS,66305
ACAT,799
CELTF,10000
FHN,29134
RMCP,10900
LCAV,200
URPTF,1304
NXZ,886
RBCAA,288
AAUKY,2182
RUTH,10930
NIHD,151361
HPGS,24500
FHY,765
BFDI,2000
SPGH,5510
NYC,116
WFC.WS,21507
NYF,24
IBII,500
ACAD,18743
NYH,110
IBIO,1063
FIF,400
SGTB,250
FIG,22858
MNST,48901
FII,12123
NYT,103355
SGTN,120
BYDDY,500
NYV,2
RMBS,19880
MNTA,2896
FIO,142090
AKRX,14923
ISIL,323482
MNTG,145
FIS,27420
ABGLF,100
GMCR,87288
FIX,2413
WTBA,796
FIW,2530
ISIS,17228
PCRTF,200
SPEX,60674
RMCF,1110
RUSL,200
NZF,4431
SPFF,5919
LTBR,2300
NZH,11499
ELUXY,102
EONC,140
SPHQ,4308
ISLE,260
BAYRY,4439
EXAR,471
EXAS,46945
EOPN,863
GRDLY,20
ACCU,331
WLB,551
FJP,537
COCBF,1000
AKSY,201
FARE,16300
ATEC,89
ACCO,32339
ATEA,300
POPE,115
MLYBY,235
WLH,756
GMFS,350
TSLA,481799
IBKC,959
ACCL,3142
WLL,62048
FARM,975
WLK,7599
FARO,5327
WLP,93604
TSLF,100
WLT,379131
NOKBF,700
RDSH,3000000
GMED,22059
PUK.PR.A,1
NRCIA,4
FKO,2152
WMC,23102
WMB,147528
FHN.PR.A,251
ACDU,435000
DLLR,117804
FKU,1875
SPHB,3974
TBIO,1450
WMK,149
GMET,1400
EXAC,1422
EXAD,3088
POOL,4254
KDDIY,7158
FLC,2773
OSHWQ,1000
WMT,745522
EXAM,2662
SPHD,8687
WMW,974
KYTH,829
ACFC,600
IHLDY,128
FLM,4
FLO,25483
QASP,998590
FLN,600
CENTA,74
FLS,40750
FATE,20505
WNC,6717
FLR,37832
SGYP,89093
EGBN,744
FLT,343885
ACET,44166
NILE,1093
FLY,12332
STAR.PR.G,1000
CABGY,27
WNR,71886
ATNAF,300
FMD,211
FMC,36124
WNS,598
FMF,1328
DLNG,3800
IBKR,14356
WTER,96721
FMI,209
LFDEF,2500
FMK,2
FMN,3869
SPIL,22365
ATHM,29293
ATHN,2896
FMO,8475
ATHL,5687
IFNNF,20000
FMS,6968
EGAN,15
FMX,7419
WTFC,2831
MWIV,1072
CZNC,5
EGAS,2389
ACFN,6756
BELLY,260
BFIN,10
IFNNY,47300
FNB,18865
WOR,5947
RMGI,5
FAST,69168
TRQ.RT,373402
FNF,177038
FNI,535
CINF,5418
SPLV,23514
FNK,2012
EGDD,20000
SPLS,2331507
SCBFF,216
ACHC,888
POST,9279
SPLP,201
NIMU,15000
FNP,28645
WPC,6220
TBNK,1611
SBGSY,385
FNV,48829
IBOC,583
FNY,218
FNX,1830
BWLD,5097
CIMT,24737
WTII,1750
WPP,14028
NINE,500
POTG,6353
ACGL,8060
UVSP,166
ASBFY,17
WPT,303
ACGI,500
WPS,287
FOF,2583
EXFO,6090
FOE,11904
ATHX,147910
WPX,154804
JERT,10001
WPZ,15862
DLPH,25003
TAOIF,324
UNAM,200
LPRIQ,50000
FOR,2714
AXS.PR.C,114
AXS.PR.D,2278
POSC,30
RDWR,10869
ISON,14310
IBND,9952
FOX,138724
GDXJ,120981
AMIEQ,8
UEPS,7915
FPA,1640
LTHU,114924
ACHN,50811
OAK,2830
FAUS,206
FPE,8074
SPLK,203922
EXEL,52178
DUBL,10000
FPF,2500
MAYGF,12600
OAS,112743
MFLX,326
FPO,2270
HPOL,7673
SPNS,1815
ISRL,12
WRB,3868
FPP,100
WRD,1241
CRAI,717
TSRA,10837
SFTBY,3985
GMLP,8424
FPT,5048
WRE,25304
ACIW,2074
WCIC,313
FPX,20179
WRI,20490
TSRI,100
WRN,1688
BFLS,100
DLTA,1000
SFTBF,1128
ISSC,536
ACIM,1232
STTYF,200
TSRO,140707
VWSYF,2246
DDDC,8600
BECVY,100
WHITF,950
CRBO,6000
TSPT,100
ATLS,15101
NRTLQ,1881
ATLO,620
CFR.PR.A,100
PXFG,700
IKAN,6700
WSH,24735
HZNSF,100
WSM,210663
TBOW,5500
WSO,3161
FRA,980
SPNC,9350
ATLC,218
FRC,14814
WSR,11938
CRAY,21366
WST,4625
FRD,285
YINN,13916
PGEM,2550
CCHJW,21
OCN,115172
FRF,2823
ISRA,1026
FRI,4
ISRG,16183
OCR,41184
DDCC,1125
FRM,10057
FRO,211377
FRN,3886
ZLTQ,11299
FRP,7511
FRS,12
CRCL,100
FRT,6277
DDDX,959
ATML,172179
WTI,19759
FRX,54367
EGHT,6728
CAAS,5878
ODC,10
WTM,515
ATMI,3257
WTR,30126
WTT,117
FSD,2987
FSC,22649
WTS,2832
APAJF,1254
YNGFF,15648
ODP,928375
WTW,53011
FSI,100
FSL,19158
LTNC,53557
SYBT,1518
ANTUF,3550
YIPI,2500
ATNY,12
FSM,14540
CACC,117
CRDS,4538
ISSI,1097
FSP,9807
CACB,874
EMITF,9250
CISG,12880
DLTR,481665
FST,91880
FSS,10512
BELFB,559
SYAI,5333
MFNC,30
FSZ,244
ATNM,245
SPPI,2904
ATNI,16
OEF,9719
CRDC,4990
POWL,10
FTA,3024
NRBT,10500
OEH,8938
FTC,2240
POWI,5007
CABN,5200
FTD,816
ACLS,38837
BFOR,7410
FTF,4515
POWT,1000
SPPR,150
ISTB,994
FTI,18053
UNFI,7089
SPPP,42110
FTK,17257
FMCKP,100
POWR,1326
BOBS,120
ACNI,570
FTR,6263331
UVXY,333593
FTT,304
LCNB,507
ATOS,12745
FTY,1202
SPSC,901
OFC,19092
CREG,3320
BOBE,932
CREE,63429
OFG,1533
CACQ,2174
FUD,420
POZN,54248
EXLP,1480
PXLC,1
EXLS,39
HYEM,6174
CACI,5713
ACMP,2451
CACH,495
FUL,688
OFS,956
UMH.PR.A,100
FUN,14455
SSAAY,20
FUR,1101
WWE,16228
YRCW,48156
WWD,7524
EGIL,1000
OGE,19833
CADY,4200
CADX,7143
PGHY,400
BOCH,100
MOAT,12222
FVE,11613
FVD,12172
WWW,65540
FVI,150
SPRT,699
SHBI,3900
SPRO,1800
FVL,1860
IBTX,1104
ODFL,3639
CAFE,4100
DLYT,12250
ALAS,20950
WEIGY,9900
PXMG,15
MODN,11662
PGLA,7998
PGLC,57700
DUKH,988
OHI,44555
AFLYY,20350
PXMV,1
CZWI,300
SHEN,2159
SMGZY,500
ACOR,1581
SNV.PR.C,561
FWM,10506
LNCYF,3123
CRD.A,185
MFST,4900
PGLO,7224
HYGS,4506
ANCPA,2000
CRD.B,111
HEINY,3800
RVBD,38203
IKGH,300
HPTO,1486
COSWF,1475
CMA.WS,39769
UNIS,11646
SPHRY,14
OIA,7597
PXLG,10
JGCCY,1528
MOCO,447
ATRS,56270
WYN,166122
HPTX,1041
FXA,5276
OII,318027
ATRO,1236
OIH,99273
VLCCF,8415
FXC,3110
SYEV,20698
MFRM,10330
ATRM,301
FXB,2434
SPTN,3858
LTPZ,131
FXE,23114
OIL,45831
FXD,4415
REAC,2200100
FXG,8201
MFRI,16475
ATRI,26
FXF,5344
FXI,1235848
WYY,39438
PXLW,20495
FXH,16902
ACPW,4195
PXLV,100
OIS,6442
CENJF,13056
ATRC,975
EXMT,1680508
EGLE,75879
FXL,18420
FXO,8012
FXN,1542
BODY,716
CAFI,6193
FXP,34227
FXS,20
FXR,10332
VLKPY,1848
FXU,33889
FSBW,750
ALCS,800
FXY,34976
CRIS,31983
MOFG,795
EXPD,39325
EXPE,25262
FXZ,1757
ALCO,3
ACRE,2155
NRIM,307
DRETF,1364
EYUBY,100
BOFI,8156
REDG,45350
FYC,1132
EXPO,698
REDF,200
HYII,3928879
LTTC,10000
EXPR,56252
RMTI,77482
ATSG,1472
GMUI,100
CVXHF,1000
WTSL,31852
QBAK,20
SPWR,72990
FYT,3187
ALDW,6004
FYX,2022
APAGF,174
OKE,21124
MFTH,1000000
ATTU,6729
OKS,8984
ACRX,26554
FSBK,160
RECN,1905
NAGS,60
JNMB,2
TSYS,4990
YARIY,2000
TSCDY,62297
GEFI,600
ALEX,1405
ZUMZ,3405
EPAX,3009
LTUM,1500
EPAY,1536
LGL.WS,2500
EGPT,2458
RVGD,47
VIAP,17500
NZTCY,24043
ACTG,3861
VIAS,138
SPYG,800
ACTC,1000649
OLN,78576
USB.PR.H,1925
OLP,1413
REFG,7502
REFR,30121
RAS.PR.A,500
USB.PR.N,1820
USB.PR.O,201
SPYV,599
USB.PR.M,569
ACUR,8468
OMC,36831
PGNX,83411
BZQIY,500
OME,4128
CAKE,8282
OMG,2204
EGOV,8810
OMI,15685
OPHLY,7
BOIL,24100
OMN,3637
BIOYF,3000
REED,8386
DUNR,202
SPXL,115093
WLDN,700
EPAM,3039
ALFA,4295
ATVI,181059
GLCNF,600
VIAB,78722
SPXU,348320
SPXS,110232
ACTS,812
CALM,2029
CALL,4125
ONB,3024
NEWEN,353
MOJO,1200
VOLVF,3000
HYMB,1658
CALI,500
ALGT,244
ONE,9095
WCUI,10700
CALD,8691
CRMT,2220
VICR,167
ALGN,7457
FSGI,166
RNR.PR.C,52
PXSV,808
VIDI,100
ONP,50
RNR.PR.E,400
LTXC,7943
EXTR,52052
VOLVY,3420
CRMD,31285
OMAB,1813
SYMC,167649
UNQT,900000
ZB.PR.H,527
ZB.PR.F,240
ZB.PR.G,165
PPBI,37
ARR.PR.A,2778
JNPR,197164
ZB.PR.A,1541
ARR.PR.B,702
CAMH,20000
SYKE,239
AKBTY,7857
ACWI,76806
CRNT,4181
HYLD,14074
EXSL,1000
PPBV,31000
BRRAY,190
REGI,9649
VICL,42839
CALX,359
LCUT,64
BOKF,1155
FSFR,54
SYLD,7925
XAA,1
VCISY,2958
WLFC,327
TKMR,775
REGN,24484
PXSC,1
DDOO,100
CANN,1972
SYNM,10582
ZFSVF,52
SYNL,637
FSNMQ,1
CROX,353218
XAR,1583
CANF,2700
PGTI,14825
ACXM,6539
BOLT,214
OPK,313441
SYNT,798
CROP,2
NANO,3021
SHMN,25000
AMH.PR.A,250
VIFL,3383
ALIM,1451
DUST,412272
MPUCF,2000
BMSPF,10000
CLASF,41500
OPY,584
NANX,4000
CAMT,21146
NBG.PR.A,1301
CROC,475
ACWX,1800
CAMP,65695
XBI,10930
SSREY,400
ICAD,1000
ACWV,3351
PGSI,1000
GAB,67443
NAMG,27509
VGMNF,561
DDMGQ,641
AROSF,500
SHLD,60491
GAF,570
MMTIF,30143
SHLM,4978
GAM,2588
GAL,452
ACYD,642635
SYMX,6300
GAS,15168
EGTK,700
CANV,160
SZEVY,202
REIS,10
SYNC,5640
SYNA,92507
ORB,7326
SHLO,3572
ORA,1002
GAZ,5260
OUTR,15136
ORC,1000
CAPP,100
GGN.PR.B,100
EXXI,80789
XCO,70654
BONZ,1896500
MHR.PR.E,1500
ORI,44575
XONE,34097
EPHE,35984
GBF,255
ORN,516
BONU,1953138
ORM,2152
MONT,6530
BONT,160113
ALKS,16772
CAPC,1000
ICBT,200000
SYPR,2500
PGVI,1
ICBU,500
GBL,831
TCBI,6710
SHOO,5163
RELL,425
GREEF,85090
GBR,775
OMED,2500
MHR.PR.C,434
MHR.PR.D,55
RELV,502
BOND,39984
GBX,11960
SHOR,74899
TCBK,318
BONA,742
SHOS,612
XOMA,76826
ECTYQ,409
OMCL,6518
BMBLY,1
QSII,4450
GCA,17162
GCC,3552
OSK,8813
UFCS,3142
FBHS,34021
YANG,17062
RVLT,68036
GCI,54317
OMCM,30000
GCH,814
ALLT,7583
UNTD,1705
CRRS,7006
EPGL,20000
GCO,10417
BOOM,2844
JNUG,27330
CSNVY,1
XEC,45337
UNTK,25
TCAP,3347
ALLE,16782
GCV,1499
XEL,52938
CRRC,1645
AFSI.PR.A,201
TTEK,6297
SONVY,100
CARO,500
GENT,27406
TTEG,79
SQBG,234
XES,6816
GDF,4056
VIIX,5029
RENG,2000
VIIZ,90
EANRF,6000
GDL,428
SUI.PR.A,200
EGYF,200
CARB,262
GDP,39899
HYSR,461884
GDO,282
RENN,50673
GDV,4599
GDX,3136017
ALME,4300
PPJE,286000
RENT,157
CAST,3000
PPHM,61227
CASS,305
GEB,1179
GEMS,34
CASM,1000
ALNY,11748
GEF,1833
SHPG,15625
ITEC,2502
GEH,200
CASH,639
GEK,3807
CYN.PR.C,10
CRTX,510
OMER,4803
GEL,4741
CYN.PR.D,280
GEO,31238
SHPR,1267
FSLR,177808
GEQ,3517
EPIQ,439
GENE,1440
GES,17999
OMEX,21101
VIIS,300
CRTO,1022
ITEN,1800
REMX,673
TTEC,1085
CARZ,3105
REMY,5
GEX,936
XOOM,6053
SYRG,1656
SPIHF,200
CARV,1
MDABY,33
CART,300
NJCB,800
MORT,6405
SIMHD,100
BOSC,11039
FBMS,255
NATH,2749
GFA,120985
GFF,3349
CATO,1233
CATM,3859
TTGT,20
CJES,8394
GFI,322476
NATI,2785
GFN,400
ALOT,62
NATL,2545
TOYOF,28
FBNC,6
CRUS,36627
XHB,194362
XHE,817
NATR,871
CHSP.PR.A,394
BORN,23300
CNGRY,192
GNBT,131174
BORK,2000
FBNK,2899
ICGE,1451
CASY,2494
GFY,448
ALOG,810
MGAM,8733
XHS,280
ICEL,2012
GGB,281552
GEOS,496
DDXS,4600
BOTA,700
ALQA,1203
NASB,1021
GGG,6595
GWLIF,158
TLPFY,17
TTFS,4119
LLNW,6149
PRE.PR.D,608
UNXL,104883
GGM,121
SHASF,2500
FSNN,5000
TCO.PR.J,500
BGCP,21007
TCO.PR.K,712
PRE.PR.E,94
OWW,19994
MOQZ,100
GGN,53128
CRVW,200
GGP,162849
CBL.PR.E,753
GGS,7586
HHSE,9500
GGT,1458
CRVP,5307
MORL,31876
VTKLY,240
MORN,960
CRVL,2634
GNAT,2000
CATY,2517
XIN,22900
OXF,100
NGDAF,500
BGCA,53
ICFI,872
NAVG,714
KINS,1650
PPMT,2500
GHC,584
XIV,345193
FSNUY,27
OXM,1535
HQGE,500
RNCH,750
ADAT,5432
GHI,658
GHL,1799
CAVM,10304
GHM,178
OXY,104349
KBXRF,4934
WDAS,172200
GHY,8682
CRWN,6201
MGEE,1232
GIB,31044
VIMC,3015
SYUT,5993
TETAA,88
GIG,10350
GII,928
TTHI,420
ITIC,5
GIM,127221
FSPM,28089
GIL,5073
ALLY.PR.A,106
MOSY,6716
ALLY.PR.B,6104
PPLT,6203
AUDC,19042
WBS.PR.E,317
ITIP,1
GIS,105272
GNCP,322700
SHALF,2500
WUBA,24775
GERJ,18
ADBE,278264
GBOOY,5269
GERN,92016
NAVB,18502
DNIYY,160
GERS,30970
BCEKF,1000
VTSYF,400
HHWW,29
KIPS,1000
OZM,44650
BGFV,1814
LLTC,99183
RETL,644
RNET,1889
FBRC,903
XLB,458572
XLE,425212
GJT,2900
XLG,1480
XLF,841359
XLI,354663
XLK,279542
LLTI,5000
DBOEY,2054
ALSN,33274
ARH.PR.C,1236
FSTA,13347
XLP,358350
ALSK,23319
XLS,30291
VIPS,8400
DMND,3435
LLTP,32000
XLU,572628
KIOR,15677
XLV,1547188
VIOG,5772
XLY,220160
RAS.PR.C,1900
RAS.PR.B,1
ITKG,10000
GMXAY,100
BOXC,480
GKM,202
EPOL,5909
DMLP,687
WDAY,121648
ATUSF,2030
EPOR,5600
RESI,6658
ORFLY,100
FSRV,2095
GETG,1000
ISMAY,51
XME,58559
VIOV,1890
MOVE,1337
RNDY,10723
ALTR,150300
TCEHY,3269
VIOO,3199
CRZO,48021
KIPO,2550
GLD,457749
GEGYF,4110
ALTI,2683
GLF,226
ICLR,3977
VABB,207
GLL,10016
XOXO,885
DFS.PR.B,2131
EPRO,132
XXII,13459
GLP,388
REVO,217857
GLO,4032
GLQ,1207
GLT,3903
KABX,1073750
GULTU,2150
ADES,332
MGIC,1415
GLV,1461
ADEP,43583
ITNS,84025
GLW,285859
SCIXF,100
FSUGY,200
TRC.WS,7
GME,385096
UIS.PR.A,200
ASCMA,353
GMF,1587
FPTOF,20000
GMK,1169
TTLO,150
AAGIY,688
WDDD,2010
GMM,293
GML,822
GEVA,1553
GMO,39349
FSTR,9
CYRBY,4377
MXIM,103426
HLDCY,120
ITMN,23036
ADFS,800
GMT,3034
ICLD,408805
XXIA,11596
GNGR,3000
KIRK,5101
GMZ,5700
GEVO,48688
XON,14290
XOM,523149
XOP,272412
ESLOY,32
TTMI,1744
FBSS,14
GNC,23419
ICLN,119
RNGC,1000
GNE,3360
ADHD,10789
REXI,313
GNI,4553
GNK,82125
KADR,20000
RNIN,996
GNR,3682
VITC,13
ALXA,1200
REXR,334
GNT,13696
FCGYF,100
XPH,824
GNW,169200
DVSPF,200
TPRFF,200
REXX,8218
KRFT,92591
XPO,18868
XPP,4503
DMRC,693
ICON,9192
GOF,992
TTPH,2827
DRGDF,5782
DMPI,2100
BXMT,20514
WDFC,1611
GOM,533
GOL,104771
TTNP,30534
KRED,46175
VISN,9015
DVAX,346868
GNIN,5782
DEAR,13050
UFPI,120
GOV,4723
SALDF,3525
PAA,49768
ITOT,13434
UFPT,43
PAC,50
PPSI,100
PAF,8
JOBS,1806
PAG,8587
PAI,1290
PAL,60736
GPC,3729
MTB.PR.A,100
OVAS,128
OTSKY,6
PAM,8360
ALXN,22390
CPXGF,1
PAR,300
ITRI,3598
GPI,1525
WTKWY,264
GPL,140418
BWINB,310
BGMD,50836
GPK,144449
VIVO,2119
GPN,16709
TCPC,6572
GPM,11211
ITRN,932
FSYS,7836
XRA,15626
GNLK,20900
ALZH,300
PAY,57494
GPT,6327
TCPN,519
GPS,1908231
PBA,3437
GPX,1536
JOES,10000
PBE,4396
XRM,4793
PBD,219
PBF,43519
PBI,975839
PBH,8642
XRS,15882
JOEZ,14421
PBJ,8610
XRT,214562
PBP,59610
XRX,392722
PBS,10291
DVCR,110
PBR,976587
BAC.PR.I,3132
PBT,9656
RPAI.PR.A,1
PBW,3277
XRGYF,3000
PBY,3734
BAC.PR.E,297
CSBK,843
BAC.PR.D,3500
XSD,1330
NORSB,700
UWTI,1990
OFC.PR.L,90
PCC,400
PCF,988
AMAVF,61
PCH,648
PCG,24926
TCOR,375
DECK,32982
GRA,112542
PCI,45050
SPOXF,3693
MGLN,472
PCL,16057
GRC,677
PCK,17774
PCN,9976
PCM,3098
SQNM,26542
ICPT,10559
PCP,11642
XSW,325
PCO,263
BAC.PR.Z,778
PCQ,7485
GRI,1406
DMSI,7500
CLCGY,145
MGNX,707
FSUMF,13450
STAG.PR.B,251
STAG.PR.A,595
CSCO,2180158
GRO,340
TCRD,4561
PCY,9854
GRT,17110
VIXH,25
GRU,600
AUMN,24104
GRX,130
OEDV,200
CSCD,2810
NBBC,671
XTN,85
PDI,4635
PDH,1728
TSRYY,31
GSC,400
CBAK,100
PDM,23861
CBAI,50664
GSE,14
SQQQ,137486
BGNN,101
GSG,72978
PDO,5
ITUB,607309
PDN,8018
GSF,5311
VIXY,35110
GSI,1210
PDP,18995
GSH,2331
MGON,70000
SIAF,63162
GSK,130735
PDS,18953
TTTM,8000
GSJ,2300
LUNA,5715
GSM,3412
PDT,2154
GSL,500
GNMK,759
MMRSF,10000
ADMD,5000
GSP,400
GSS,212095
XUE,14643
GST,73122
CDUAF,100
GSV,500
GSY,478
PEB,2946
OMTK,4450
LULU,95677
PEG,59748
PEJ,2291
ADLS,1
PEI,4004
PEK,450
GTE,21694
PEP,188528
PEO,2004
PER,7627
GTI,19358
PES,12834
KKPNY,1821
GTN,30420
PEZ,2020
VIZS,601000
QKLS,200
PEY,3842
PSB.PR.R,28
GTT,503
ADNC,2827
PSB.PR.S,1341
GTS,193
PSB.PR.T,1
GTU,5317
PSB.PR.V,210
ICUI,2624
GTY,77
PFE,900420
TCTZF,1769
QPTFF,1000
PFD,398
PFG,14596
PFF,122005
GUA,45
NVY.PR.C,5
PFM,153
PFL,11252
PFO,1485
ADMP,5424
PFN,17963
MXSG,63000
PFS,659
AUNZ,36
ILED,10000
HIBB,864
CSFS,20874
KYN.PR.G,6
TLNUF,240000
GUR,3227
MPAA,1100
GUT,117
SIAL,15338
CSFL,1712
PGC,5
KYN.PR.E,21
PGF,10161
YAHOY,75
PGH,54318
ICTL,1550
CBDS,3630
PGJ,2659
GVA,1457
PGI,2277
DVHI,9000
DVHL,200
MGPI,153
NBCB,1331
PGP,4031
PGR,33976
GVI,8186
CSEY,2888
PHII,607
EPZM,7545
THBIY,9353
GNPG,58000
PGX,30252
GVP,500
AMAT,423577
PGZ,103
CSGS,457
GVT,1122
AMAP,34671
CSGP,32
PHA,300
PHB,9872
VALE,2372592
CBEY,3122
AMAG,25
PHD,23058
PHG,54497
PHF,400
PHI,976
PHH,6917
KRNY,5
PHK,42191
PHM,270828
KAMN,895
PHO,12181
LMAT,106
RHWKF,10000
VALU,20
GWL,2261
PHT,3705
VRNG,54718
TTXP,11200
AMBT,2037
PHX,4
GWBU,200
GWR,16744
AMBS,264435
GWW,8088
GWX,29680
XYL,39407
PID,1305
AMBK,70
PIE,7684
AMBI,200
RDSMY,217
MGRC,2512
PII,4212
VRML,790
GXC,13696
AMBC,17111
GXF,5345
PIN,8925
PIM,11090
AMBA,190996
PIP,136
PIO,1941
GXG,700
PIR,29947
TLGN,74
GNRC,18235
KALU,1639
GXP,43520
TTWO,58608
LDOS,9681
PIZ,4446
CMS.PR.B,15
AMCO,1
CSIQ,166526
PJC,1048
ADRE,1499
AMCN,52766
FEEDQ,965
GNTX,28608
FCAN,1559
NBHC,16
ADRD,771
XGTI,700
LDRH,3018
BPFH,8396
PJH,306
CSII,3808
SIFY,1900
OVLY,1000
AMCF,12310
AMCC,99617
PJL,100
NSIT,1779
SIGA,2060
PJP,6218
AUSE,58
SIGM,11928
FCBC,1246
SIGI,775
JONE,3222
GFED,200
REMYF,200
ADSK,150346
CPOKY,8675
PKB,50
HEI.A,1956
PKD,14727
PHMD,137024
VRNT,8471
PKE,1089
PKG,17674
MPEL,300332
GNSZ,1143
PKI,72765
HIFS,162
WMAR,30
BCONQ,500
PTMEY,4
PKO,4309
MPET,25
PKT,6785
ADRU,1560
RNST,2715
PKX,13840
LMCA,5981
PKW,62462
PKY,11608
AMCX,15451
SIFI,1
GZT,400
ADTM,5500
ADTN,3846
VAPR,26825
NBIX,22963
FCCN,1500
HIIQ,141
PLD,65584
PLG,19625
AMEN,1
FTEC,17313
HIIT,31900
AMEL,1199535
PLM,5900
PLL,13478
AMEH,330
CSKH,40000
FCCY,100
PLP,1
FTEK,31383
AMED,472
CBIS,5205914
PLT,7372
PLW,282
DVOX,110
TLLP,1139
QCCO,500
LUVE,14038
PLX,11415
IOPDQ,500
MXWL,5517
PMD,1385
PMC,1467
PRGAF,100
PMF,6527
IPSEY,4179
LDSI,100
WMCR,1
PML,34526
PMM,761
PMO,29330
PMR,1510
GNVC,47640
IVR.PR.A,1731
PMT,8686
PHOT,3885188
PMX,9892
HDELY,34
CBLI,24200
VRTC,2300
PNC,65106
FCEL,343823
SOMLY,3300
PNF,3057
ILNS,25000
PNI,5044
FTGC,400
PNK,7137
SLG.PR.I,5600
MCEEF,45
SWDBY,150
AMGN,119937
PNM,12280
ADVC,440
WMGI,1749
VRTS,1059
VASC,7100
PNR,23540
VRTU,3615
MGYR,700
PNW,32824
PNY,8195
PNX,118
PHRX,10160
CSMA,100
GFIG,188
JGBD,856
DENN,3895
ADUS,4876
KRSL,300
TTNDY,27
ILMN,16376
QTEC,768
CSNT,7000
WDTI,529
LUVU,500
POL,17681
NSLP,1775
POM,42962
POR,13199
POT,283760
AUXO,600
RNWK,45
AUXL,35144
AMHD,200000
GWIO,5025
VRSK,17568
ADVS,3378
VRSN,58127
AGPYY,26
PPA,6247
ADXS,5169
PPC,10539
GASNY,30
CBNJ,340
OVRL,2000
YAO,776
PPG,27994
HIMR,8060600
PPH,6694
MPLX,7946
VJET,45775
PPL,233305
HIMX,863490
PPO,10287
PPP,16782
PPS,4145
PPR,25786
PPT,22895
CBMX,39168
HVRRY,7
SIMG,10080
XPLR,7300
AMIC,510
PPX,691
AMID,240
NSPH,3310
CSOD,3649
WMIH,54403
SIMO,1250
DEPO,11715
HILL,16403
BML.PR.J,46
DNAX,570724
BML.PR.I,1684
AVCVF,1000
BML.PR.H,1
HILO,3850
BML.PR.L,641
VRTX,20232
CBOE,14007
FCFS,1020
BLIAQ,6248
SILC,375
UGAZ,74823
JGBS,852
HAE,21871
MURGF,20
VASO,4000
RFIL,2276
HAL,225853
TOOTQ,1000
HAP,946
HZNP,88846
JOSB,5985
HAO,5237
TLOG,2011
EHTH,3559
HAR,13522
MURGY,1299
KATX,194
OCZTQ,378008
FCGD,35
LMIA,654
HAS,20627
CBNR,800
HAV,1100
PRA,5261
MPSYF,610
CBPO,254
ZERO,5950
PRE,13361
YCL,500
PRF,8669
NWRLY,200
PRI,4133
JOUT,7
PRH,1
YCS,13438
PRK,123
NLY.PR.C,184
NLY.PR.D,1062
RDSPY,100
NLY.PR.A,2983
HRAA,10000
PRO,2751
PRN,3486
AMKR,32814
HBI,21256
WRB.PR.B,537
PRU,117655
AESAY,17188
HRAL,254500
PRY,56
HBP,1207
IDCC,8895
GFMH,10000
PSB,460
PSA,20136
OESX,200
GDP.PR.D,521
PSF,1724
NSPR,9122
CSGKF,3924
PSJ,38
PSI,802
HCA,107191
PSL,1200
FCHS,1400
PSK,1765
HCC,6508
ONCS,309326
HLUYY,16
PSP,102318
PSO,17545
PSR,1
HCJ,100
HPHTF,100
AMLP,134814
HCI,5116
PSQ,7195
SINA,47693
BPOP,11773
ONCY,10050
PST,15228
HCN,110106
AMLM,700
DNDN,106411
PSX,192030
HCP,78417
OVTI,39885
DNDT,5307
CSRE,1413
DEST,148
PTC,20076
BOREF,200
NEE.PR.C,694
PTF,230
PTH,710
TDGCF,1750
CBRL,1505
BRK.A,31
BRK.B,150604
HDB,10456
AXAHY,3504
TUES,21898
PTM,5660
NEE.PR.I,416
GWPH,11561
NEE.PR.H,689
HDG,22
PTN,1025
NEE.PR.J,1607
PTP,943
TLTE,250
NEE.PR.G,2469
PTR,11820
TLTD,565
NEE.PR.F,1621
TKTDY,2
PTY,19975
AXAHF,424
PTX,650
HDS,49084
AMMG,14800
HDV,16070
HDY,24
NSTG,1834
RTRAF,7303
ONEK,19
HIPP,8080
SBOTF,25430
NSRS,22730
HEB,93164
PUI,11
ONEF,28
ZVUE,1000
PUK,7628
CBSH,3812
HEI,5274
RFMD,107617
ONEQ,4753
NSSC,2970
SMGBY,1200
HEP,4820
PUW,1
RFMK,3511587
AMNL,38
HEQ,900
PBR.A,2332957
YGE,796435
HPT.PR.D,1392
CSTM,11277
HES,80502
CBRX,100
PVA,115949
AMNF,1660
CSTI,500
XPOI,3000
EQIX,24687
CSTE,487
AMNB,608
PVG,52980
FCMP,2289
ISCHY,700
PVI,4256
GWRE,6715
PVH,10498
TDEY,10670
HFC,95525
DVYL,15200
NBTB,353
LMOS,143
DEWM,7945000
PVR,10713
FORTY,60
NSFDF,400
XPRT,250
TRNO.PR.A,240
PCCWY,20
IDGC,750000
SRDX,620
CSUN,23952
HITK,515
CKEC,2724
PWB,30
PWC,1716
UVVZP,1
OCANF,2804
PWE,147125
CBST,5464
ZEUS,421
C.PR.C,2
BFGIF,450
SRCH,11555
CSWC,4976
ZNGA,444767
AVBH,400
SAAS,557
C.PR.E,226
LMNR,10
SRCE,306
HGH,218
MYCC,11532
LMNX,2987
C.PR.K,17570
PWO,1
GFOX,3200
HGG,2422
PWR,31406
HGI,1020
SIRI,1907542
C.PR.J,500
AMPW,300
PWV,2286
SRCL,20954
C.PR.N,2255
PWX,3
C.PR.S,2
AMPS,400
QCLN,1020
PWZ,412
HGR,488
C.PR.Q,1
HGT,21617
AVAV,11037
FTNT,164341
SIRO,12584
HRDN,500496
PHYS,10518
DVYA,841
PFG.PR.B,97
PXE,279
ISCHF,615
CSVI,600
PXD,74152
DVYE,8297
ASBRF,100
PXF,317
AMPE,9299
PXI,142
PXH,6858
AMRE,396
HHC,6378
AMRB,300
PXJ,560
ROCK,215
AMRC,163
IDHQ,50
PXN,2750
PXQ,812
SAEE,10000
HSFC.PR.B,685
PXR,200
LEAP,7471
FLAG,1600
DNKN,118529
CEFLF,2250
QCOR,54786
HHS,2370
PVTBP,193
FCPG,2505
GRH.PR.C,26
QCOM,1727428
BDRBF,10986
HAFC,1691
HHY,3551
PYC,200
BPTH,9811
AMADY,210
MYFT,1000000
ROBK,2285
HITT,605
AMSE,2000
AMSF,366
AMSC,131424
PYK,600
PYN,1089
HIH,576
BAYZF,350
HIG,83674
HII,14082
HIL,1154
ROBO,21280
HIO,1634
PYZ,209
AMRS,146509
HIX,9760
PZA,2294
AMRN,137545
SREV,302
HIW,15528
SITO,2000
PZC,8688
PZE,5750
PZD,3826
FCOM,3639
PZG,53602
AMRI,3614
LEAF,16292
PZI,1108
AVEO,19492
AMTG,4787
AMTD,52415
PZN,3035
EP.PR.C,648
FTSL,402
LECO,8552
GOFF,360
WJXFF,550
YSYB,100000
PZT,428
HJN,2
VLKAY,3801
EHTEQ,210
MHGC,1137
VSAT,1455
MPWR,1338
SZYM,84690
ENDTF,4500
AMSG,954
SRGL,1000
SIVB,4130
SAEX,55
IDIX,14450
WEAT,54
UGLD,7550
AMTX,15852
SAFM,628
SIVR,21521
TLYS,11430
BDRAF,358
MYGN,113858
AVEW,773285
TDIV,4525
MHFI,87632
SAFT,1488
DGWIY,625
NSYS,2342
SAFS,115217
SAIA,1925
HLF,52746
AVGO,65673
GOHE,500
DNSKF,100
IDLV,85
EDPFY,215
HLS,4386
SAIC,8299
HLT,45414
NDBKY,102
HLX,6608
ITOCY,26
FLEX,168970
HMA,149359
TUNG,8000
HMC,8713
LNCGY,4282
HME,15487
VSBN,1
HMH,3554
SWDHF,1900
GOGC,2000
VLKAF,10
FLIDY,113
WMTM,3000
AMWD,428
HMN,2946
AVHI,9
FTTN,2000
QCRH,1100
FCSC,5347
FLDM,287
GOGO,148923
KRC.PR.G,247
HMY,266173
KRC.PR.H,662
ONNN,811807
TUMI,2589
EZCH,27075
PRPCF,20000
HAIN,10462
PICO,20
MKGAY,8
PUBGY,49
HNI,802
HNH,98
PICK,3174
AVMXY,11294
SRLP,1800
SRLN,1078
BASFY,3645
AEGY,12719499
KLNDF,4190
HNR,21900
YPF,12374
AVID,4243
HNT,11423
EIDO,42926
HNW,637
IDOG,1938
AEGR,9452
QLGC,9702
AEGN,4905
LVMHF,27
DWCH,4430
HALL,33
HALO,31017
RNSGF,1000
HOG,23634
FCTY,100
BHLB,123
DWAS,15022
HON,43476
SIZE,2
CMO.PR.E,2400
HOT,14254
HOS,5589
GXYEY,45
HOV,311396
AEHR,300
ROIC,23225
ROIA,549
VSEC,662
IDNG,25950
QAI,14841
GXYEF,4944
AVIV,645
PICB,1068
HPF,2975
HPI,10083
FLIC,5
GOLD,119032
MYNG,200
HPJ,4050
FBNIQ,11199
ENH.PR.B,262
ENH.PR.A,145
AMZG,6226
HPQ,777033
HPP,2260
PIEX,2000
HPS,5483
HPT,13692
SAMG,5
FLIR,12858
HPY,4442
AEIS,5513
NTAP,115136
SAMP,20
QLIK,166784
ROLL,3487
JPEX,4147
ONSM,50
HQH,8564
RDEIY,8000
SALE,14478
TRBAA,48837
HQL,993
AOIFF,100
QTWW,40295
CTBI,1604
SALM,390
QTXB,2500
SALT,48913
ECOCQ,400
MHLD,7720
HRC,20215
IMAX,3696
HRB,68192
HRG,3130
CTAS,28184
AMZN,131763
ONTY,8885
IMDC,500
HRL,27723
ARE.PR.E,1
FCZA,47
CTCM,5371
SRPT,85616
ONTX,6555
HRS,13031
CTCH,15914
HRT,2833
IDSA,400
DRE.PR.L,2404
DRE.PR.K,1200
DRE.PR.J,2252
REG.PR.F,1810
QDF,151
NTCT,4563
HSA,29011
HSC,1067
HSH,12106
GOOD,451
IDST,2000
KBIO,19991
AVNW,6522
TURV,1000
SAND,45352
HSP,25399
SANB,325
AEMD,55340
EIGI,991
AVNR,42269
IDRA,149966
HST,201691
IMCI,300
MHNA,3250
GOMO,20433
MHNB,500
SANM,11078
HSY,19334
YUM,101430
PPS.PR.A,200
LVLT,13965
SANW,5215
SANT,100
HTA,13977
MHNC,4264
QEH,2700
SANP,2350
MTZPY,98
HTD,13100
CCBG,206
CLLZF,500
HTH,18941
QEP,41485
CTCT,25682
HTM,2300
MYRG,1741
FLML,1920
HTS,47693
HTR,428
NTEK,48750
HTY,1641
NVZMY,41
HTZ,798890
CCCR,2800
NTES,69713
HARL,1
BYRG,155000
CKSW,5750
MYRX,125
ATPAQ,8250
TDTT,5522
MYRY,300000
HART,1380
SARA,100
NKTR,9392
HUN,140694
GOOG,138283
HUM,75285
IDSY,100
SAPE,15416
LEMB,725
SAPX,360001
ROOF,5952
IDTI,46916
HVB,346
AETUF,700
NKSH,5
ONVI,50
REPYY,541
ONVO,576479
SRTY,142682
AEPI,8
CWH.PR.E,175
GORO,58702
CWH.PR.D,1
CTGO,2
HVT,494
AMSWA,327
FLOT,15201
SASR,149
FLOW,1735
ANAD,8228
CALVF,2
ANAC,72761
TMHC,10097
GCTAF,563
NTGR,1127
FLPC,90500
NBGIF,143733
FIATY,181832
AA.PR,160
CTHR,2300
MRH.PR.A,143
UPIP,12109
NWLTF,600
IMGN,13291
GGAL,7392
QID,179184
KBLB,22377
HASI,56
ARZTY,28
PIKE,1592
YYY,3259
HAST,450
HXM,8562
HXL,29048
ANAT,1581
ANEWF,277
IAALF,36623
YTBLQ,10
YZC,60667
AERI,1907
ISNPY,1590
LNCE,7410
CRESY,2125
PINC,5800
LNCO,32149
PZOO,24000
HYB,912
HYD,43938
ANCB,300
LVSY,30
HYF,6711
CTIC,1261419
HYG,75587
VSPC,5000
HYI,1252
CCGM,50
SAVE,8943
EZPW,12410
CCGI,6700
CCIH,7200
QUAD,729
SWGAY,13057
LNBB,454
HYT,32155
GRP.U,11
OFIX,68
HYS,22948
OSKFF,2470
NCFT,224
CMGGF,97
QUAL,34589
ROSE,21586
BNPQY,2926
SATS,4306
IDXJ,224
ANDE,4356
FUBC,227
WNBD,5000
PDRDY,465
TBLMY,390
HAUP,5000
QUAN,6680
ROSG,1814
HUB.B,3011
EPM.PR.A,10
ROST,32602
CMXHF,100
AERT,1014
IDXX,4626
AVTC,600
MHTX,1335
HZO,324
ANCX,170
CTIX,34519
AERO,5778
NCIT,300
GOVT,114
OFLX,383
PRAA,10559
FLST,1000
WEST,118419
AETI,46
QLD,190452
ANEN,16057
CPPMF,25000
PRAN,14291
GOVX,2625
ERBB,19362504
AMKBY,210
ATGFF,200
CCIX,26712
UNICY,3500
ROVI,3585
FUEL,8007
WNEA,6500
HRZL,3372
HRZN,51
LNDC,11002
FLRN,2941
WERN,4637
RGDO,5
JPNL,220
MCHHF,300
HAWK,5194
ANFI,4722
LVMUY,23250
CTLE,17175
RGEN,18695
BHWX,1100
PCWLF,200
CICHY,974
RXII,497
STT.PR.C,329
QLTY,76433
PAAS,140145
HAZH,6460
PRCP,13497
ANGO,14636
ANGL,682
LNGT,18000
ANGI,67475
QDEF,3000
SHTDF,2500
NCLH,2219
JSHLY,100
DFNS,1
UHAL,1333
VSTI,2000
VSTM,2586
QDEL,1807
EPR.PR.F,101
GGGG,1
FLTR,764
WETF,52833
NTLS,13818
FLTX,298
IMMR,5659
OWOO,300000
QLTA,106
IMMU,107886
HAYN,614
IBDRY,1
TMMI,2500
TGSGY,235
SHCAY,7
QLTI,216
AVXL,6820
WVVI,350
EIRL,14023
SNMCY,200
SGYPW,460
FDEF,304
IMMCQ,17000
PACW,3727
FLWS,2374
CCNI,25100
PACR,1343
PACT,5968
IMPV,3106
NCNE,2000
CCNE,5
ANIP,1238
LEXG,34000
NKRKY,8
DWSN,209
ANIK,24567
VLNCQ,21022
ZBB,5491
RCKHF,70
CCMP,6949
CCMO,10
SEKEY,200
CCOM,1000
OOAG,10
PRDC,50
CCOI,5101
DWRE,3905
SOHAF,4000
OAOFY,39
EVEIQ,371
DFRG,2394
IMOS,6685
IAE,11137
IVAC,102
IAG,540948
IAF,1219
PRDL,230000
QQQ,4111041
IAI,19420
IAK,4630
GLNCY,15
NCMI,5486
PACB,4440
ROYL,800
PACD,18063
IVAN,262332
IAU,582976
VSUL,1500
IAT,12451
ROYT,3991
POAHY,140
UPRO,188252
KBWC,300
WEYS,347
KBWB,509
AEZS,61732
QRE,7429
TEAR,53511
ALPMY,5240
IMRS,5020
KBWD,798
GGLR,5000
IBB,21836
IVDA,500
FDIS,11986
IBA,200
KBWI,2330
ERHE,430
RGLD,54817
PRGS,726
PRGN,22852
QRM,18150
PRGO,59088
QLYS,1273
KBWR,275
KBWP,932
IBN,86685
IBM,343088
IMSC,10385
PRGX,28
NTRI,7316
KBWY,1032
RGLS,411
CCOP,51600
QUIK,56748
ATXDY,274
FLXS,984
ACERF,50000
ICA,9767
CTRX,59601
ICB,268
ICE,62757
ICF,15318
ICH,300
CLBH,102
CTRP,105804
SJNK,41604
BCGYF,50395
CTRN,5972
PRFZ,10285
CTRL,2959
ICN,1800
PRFT,15603
LNKD,274559
HJOE,123341
SSBI,200
DTEGY,18556
CCRN,20982
PRIM,24927
ZEP,396
THERF,2000
CLCT,2653
TECS,112
HBAN,242199
IDA,8382
FNFG.PR.B,175
HSCC,65400
IDE,4279
QTM,23419
CLCN,200
IVFH,200
IDG,273
IDI,1000
IMUC,55609
QTS,5925
IDN,186
CTSO,90000
NWURF,500
PZZA,15315
NDEKY,5
ZFC,1093
HSCO,2592750
SBAC,48647
IDT,2026
NTCXF,560
CTSH,834078
IDV,52950
CATYW,1400
IDU,10591
IDX,3991
CLDX,74882
NTRR,24768
WHLKY,250
NTRS,29000
IEC,285
CLDT,924
ERIC,234095
CLDS,285
ERIE,1248
IEF,25356
IEI,100785
CTTAY,3259
IEH,441
HSBC,35489
ERII,31519
FULL,1900
CCSC,242
TECH,14113
IEO,11050
PBI.PR.B,2777
IEP,22523
TECD,1081
FULT,22769
EAHC,1535
TECO,270000
IEV,89019
JYHW,100
TECL,4569
IEX,2045
IEZ,12301
VSYS,3000
PAGP,22986
RPAI,18600
HBCP,304
HSEA,19319
DANOY,4727
IFF,32627
HSEB,4702
PRKR,20121
QUNR,10336
IFN,6553
CCTC,53225
SBCF,652
RAMPF,20000
IFT,249
BZCN,453
GNCMA,788
PRLB,8371
NCTY,1000
SBAY,5000
CCUR,1300
IGA,3222
FUND,2180
IGC,10
UEXCF,1000
IGE,16991
IGD,39148
OOGI,100
IGF,1796
IGI,1100
QUMU,1
IGM,8637
TMUS,560074
AWAY,25166
IGN,4356
BAC.WS.A,13580
BAC.WS.B,45000
AGIIL,1
IGS,440
IGR,8654
IEFA,12621
IGU,700
IGT,85977
FDMF,160000
CLFD,29926
IGV,7726
QUNI,2080
ELPVY,200
FDML,9457
GDOCF,16965
ELYGF,3000
CTXE,17050
RGRA,3818
IHD,300
IHC,16
CLGX,1585
IHF,5738
ZIV,1595
BIDU,801450
IHE,3232
IHG,6122
MIDU,19747
PRMW,1
LFAP,100
IHI,98127
AFAN,1000
AFAM,706
CLGL,216431
CTWS,536
PALL,2687
IHS,7025
TVIX,184000
MIDZ,1600
FMAT,5114
IHY,938
GGSM,270000
FIADF,1710
OCR.PR.A,1300
RGRX,8332
OCR.PR.B,1100
LWAY,296
SSW.PR.C,101
SSW.PR.D,1000
IID,400
OOIL,65601
IIF,2510
III,1556
ASTVF,3997
IIM,4839
SCMWY,360
CSYJY,600
BIEL,1316000
CTXS,37537
UPZS,15413
SBDG,119
MZEI,6000
MIDD,5473
VIVEF,500
GOODN,101
WWAV,32730
NTWK,15805
HSIC,9046
FOSUF,3000
IJH,86588
FMCC,247312
IJJ,15210
DOMK,2000
HSII,33
IJK,19767
PROV,11
CLIR,5886
CCXI,36178
PROW,21000
ZLC,38346
IJR,153075
IJT,25478
CCXE,1008
SBGL,43851
IJS,33152
ANSS,8709
HBHC,4571
ZOLT,3055
SBGI,16548
AFCE,8365
PANW,84568
PRPH,1496
EROC,10237
RPDT,1575
FMBI,4139
SBFM,500
EROS,733
FURX,1041
ZMH,83691
BIGG,147122
WNRL,1160
CTZN,1150
BFHJD,520
PAMT,200
ILB,4
ANTH,10400
HSKA,4200
HBIO,1714
ILF,54155
DYN.WS,27
CREAF,200
DOOR,810
ENEVY,900
IEMG,42790
FMER,22680
ZNH,1090
TELK,1400
VCBI,1018
ICPVY,25
FDTS,18
IMF,400
KCAP,7347
IMI,7622
IMH,1045
AFFY,4210
QMCI,33800
AFFX,11814
KTCC,1567
IMO,4234
IMN,1319
MNHVY,18
HNNMY,2475
AFFM,60
STI.PR.E,91
EAPH,10300
IELG,5
FUTY,7290
RGUS,5000
STI.PR.A,100
TOSBF,948
INB,7832
AES.PR.C,2205
WNTR,332000
IND,1805
BIIB,32938
EAPS,4123
INF,364
VTEQ,984
ING,64558
PARA,1100
PARD,20283
PRSS,1274
INN,25670
SBKK,600
INP,511
GMICF,143
PRTA,6647
INO,721374
INT,705
AMBCF,10000
SSLT,28120
PMTYF,10
CLMT,6659
CLMS,3565
PARR,5000
INZ,266
INY,31
PARS,400
IOC,19454
DD.PR.A,100
COUGF,2500
DXCM,20022
OXBT,30256
NLNK,4233
SAXPY,900
DGAZ,180110
IVOG,1687
IOO,10632
DGAS,16
CLNY,21819
IRLBF,140
IVOO,2474
CLNT,500
RAD,567730
ZQK,24962
IVOV,5483
PRSC,13
EARN,317
ZOOM,17058
RAI,75641
FDUS,2130
IPF,100
IPE,2268
CLNE,55366
PATH,11786
IPG,69350
MILV,24515
IPI,40522
OSAGF,250
RAS,9394
IPN,200
NABZY,547
RAX,68360
FDMCF,300
TNAV,416
IPO,462
OXDG,1500
HSOL,171052
PATR,816
HSON,601
RIBTW,1000
INBK,700
RHHBY,93455
PATK,441
HBNC,20
IPU,200
BZNE,11265
RBA,21086
NUAN,209635
WGPLF,9500
RBC,2194
LMRMF,53010
RBL,500
EXMCQ,9507
IQI,14306
RBS,77822
BIND,3306
PRTX,100
PRTS,2702
DORM,8798
CUBI,1332
HSNI,4287
RBY,164595
SBLK,19057
PNC.PR.Q,1729
CUBE,30245
ERUS,9804
PNC.PR.P,5095
AAL,847931
AAN,16961
CUBA,2987
AAP,10015
RCD,1932
ZSL,16883
SSNC,8053
AAT,980
AAU,17400
BACHY,418
INAP,349
AAV,400
RCG,1
MILL,8453
RCI,4294
RCL,26000
IRC,5694
IRF,3718
HT.PR.C,8
IRE,28131
SSNI,20250
RYAAY,3912
IRG,16
INDB,4714
ABB,143872
IRL,200
NDAQ,35955
OXFD,65
ABC,27959
BIOD,44778
RCS,637
IRM,18678
MINT,3775
ABG,2704
TAYCP,1
IRR,22365
ARKAY,15
IRT,700
SCTPF,300
IRS,1593
IRV,185
ABM,8430
VTIP,480
QDYN,125
RDA,5154
IESC,3101
INDL,9950
RDC,48171
IRY,370
ABR,326
DXGE,650
ABT,343723
PRXL,11037
REXMY,39
RDI,107
PRXI,400
ABX,1231023
INDY,2229
ZTS,149888
ZTR,1293
CUBV,1000
ISD,300
ISG,1002
ISF,1080
RDN,41696
ISH,4789
VITFF,1500
BIPH,7331
VTHR,1
CLSI,56000
OGCP,1801
ACC,13810
ISM,200
ALIOF,160
ISL,13320
ACE,34858
SBND,2212
ACG,18585
PRVT,2039
RDY,3155
ACH,2217
ISP,3830
ACI,490582
ISS,3515
ISR,1675
BRAF,460
SBNK,900
ACM,22532
ACN,140652
ACO,6901
ACP,4568
CUDA,25219
ACT,60911
HSPX,3217
REE,56820
MINI,9828
ELRNF,1225
INCO,300
DGEN,1000
ACU,61
MZOR,35787
BIOS,8772
REG,10416
ACW,3710
ITB,142380
MIND,209
BIOQ,100
ITA,8021
MINE,258400
ACY,61
ITC,3989
INCY,14208
CLRO,375
ITF,366
REN,8379
ITE,32
REM,35425
BIOL,2736
USNZY,100
IMKTA,5304
SBNY,1799
ITG,18255
ITI,600
HBOS,401
ADC,3961
RES,8960
TETHF,5000
WWNTY,135
INFA,12834
REV,435
ITM,8356
ECPCY,8719
REX,2777
CWVLF,1
REW,15
ITR,792
REZ,1550
ADI,304506
SGGDF,1000
ITT,9737
INFI,19392
ADM,53776
MDRPF,3000
ITW,54855
ADP,164489
INFN,58758
ADS,21516
ADT,96700
GTKYY,12
RFG,1756
CDCO,100
RFI,34
WSBHF,100
ADX,3683
BRAZ,430
CHK.PR.D,300
SBRA,1182
PAYD,29700
JASMY,15
NHPEF,576
INFY,24327
XRAY,14787
CLSN,5582
RFP,8098
AEB,285
BRAQ,2259
AEC,11057
TNDQ,300
HUSI.PR.H,407
AED,901
HUSI.PR.G,1760
AEE,38363
HUSI.PR.F,920
AEF,1581
RFV,463
AEG,46360
TNDM,21
HUSI.PR.D,145
AEH,2392
BRCM,528737
OGEN,6617
AEK,1597
PAWS,30000
AEL,447406
AEM,158908
CLUB,148
TESO,1821
AEO,587009
AEP,152954
GPOR,38075
RGA,12011
BRCD,86506
AER,40220
RGC,24170
AES,150753
VCIT,13173
AET,114715
SSRI,75560
AEV,2109
ABCZY,697
HERXF,200
OXGN,2224
RGI,597
AEY,1304
TESS,225
IVC,5699
IVE,12426
KGFHY,13
SKBI,110
RGP,9659
BRBW,240
IVH,600
NLST,182
RGR,6332
AFA,6281
AFB,5321
NLSN,88466
RGT,1439
HUSI.PR.Z,87
AFC,500
RGS,4997
TNGS,125
AFG,6682
SBSI,1130
VCLK,17488
IVR,48659
TNGO,8993
TNGN,13500
AFK,3396
AFL,26708
IVV,173342
BABY,3558
AFM,284
BABZ,34
IVW,16091
IVZ,38699
AFQ,281
BABS,540
VDMCY,97
LINTA,29260
ACGBY,144
AFT,256
WWPW,7720
NUGT,842489
RHI,17260
AFW,1238
IWC,4039
IWB,9080
BIRT,973
IWD,22359
AFOP,7824
IWF,83829
VTNC,173928
RHP,5529
DGICA,17
RHS,103
VCLT,60
AGC,15815
IWM,2789599
AGD,18026
IWL,1277
RHT,31039
MACK,84537
IWO,74602
IWN,52623
AGG,62626
IWP,6861
AGI,17554
FMNJ,76517
IWS,11571
IWR,34455
HSTM,70
AGM,1508
IWW,876
AGN,69338
IWV,5769
AGO,102922
IWY,211
BITA,81311
IWX,65
AGQ,158928
IWZ,1341
RIC,11397
RIF,150
AGU,22084
RIG,95882
DGIT,1041
SSTK,1615
INGR,10844
AGX,1646
AFPW,500000
AGZ,1918
PAYX,42781
IXC,6808
KCLI,105
IXG,617
RIO,83244
CLVS,3159
IXJ,1107
GPRC,833
TEVA,235306
VTMB,4091801
SBSA,420
RIT,697
DGII,2451
AHC,329
GPRE,13342
BISN,6491
DXJS,469
IXN,3671
MRCY,978
BRDT,39208
IXP,918
GHDC,222834
AHH,17
BRFS,50988
AHL,11225
RJA,65655
LOCK,34030
AHP,757
REGRF,100000
AHS,5827
RJD,388
BRFH,11000
AHT,8743
LOCM,11862
FRCOF,10
RJF,42276
RJI,925
MZRTF,2000
IYC,2400
IYE,8508
GHDX,728
SBUX,240009
IYG,1615
IYF,13790
RJN,1616
IYH,11213
AIA,2271
CLWT,3333
IYK,2355
AIB,55
IYJ,18179
IYM,29046
RPTP,6751
BREW,3592
AIG,772832
DXKW,1695
FRCOY,1356
RPRX,3664
IYR,456090
RJZ,350
DGLD,4136
IYT,14671
AFSI,57438
IYW,7257
AIN,229
GALXF,588
BRGO,11458750
ININ,1002
IYY,6774
MITD,500
AFSD,700
AIQ,821
VTNR,500
SYCRF,4000
AIR,9492
NATDF,10500
IYZ,17425
AIT,1606
INIS,20900
RKH,300
KTOS,26354
AIV,15438
DXLG,1089
MITL,27988
ITPOF,1229
AIY,1500
AIZ,16229
TNIB,200
DBSDY,18
MITK,15113
SOV.PR.C,4
MITT,5404
RKT,6472
BTSGY,500
TEXC,10000
TECUA,22
AJG,5393
TECUB,5
CPICQ,1400
WDGJF,100
GBGLF,25828
VTRB,205
ITYBY,5235
BTSDF,400
RLD,566
SUHJY,100
BHPBF,207
RLI,1642
TNKY,25
RLH,100
DGLY,313
RLJ,18211
YDIV,50
KEYUF,100
PSAU,1900
ESBF,4
FCREY,23
ESBK,80
MRIB,160497
SSYS,32937
AKG,10803
RLY,117
CDII,1000
KLAC,35541
VRNGW,7150
INKM,7
AKP,4553
MRGE,2439
LODE,7729
PETEF,1178
RMD,29882
AKR,20159
AKS,270875
BZYR,350
BAGR,1011
ALB,5894
RMT,5895
ALD,1390
BAGL,1248
ALE,2857
ELRFF,700
ALG,832
ALJ,41815
ALK,17492
PSCE,698
PSCD,6543
ALL,116544
INNI,2000
RNA,2209
LOGI,27182
YDKN,791
ALR,7224
RNE,300
PSCM,420
RNG,1640
LOGM,1573
ALU,357620
RNF,1593
ALV,11334
LOGL,1100
PSCI,766
PSCH,2142
ALX,340
RPXC,3208
FEEU,1670
PSCU,118
PSCT,1743
LFVN,5243
RNO,2217
RNN,77122
VLDI,120
ALIAF,31560
RNP,7238
RNR,97990
WBRBY,94
AMC,11191
INOD,1101
AMD,500070
NDLS,8260
AME,10301
MAIN,8453
GFSZY,100
INOC,1004
AMG,6153
INOH,1000
AMH,2080
YUME,1999
ZGNX,91049
AMJ,11517
AMP,16340
BRKS,12783
ROC,14001
AMS,200
PBSFF,5
BRKR,24578
AMT,30183
DXPE,1817
AMU,757
ROG,1220
AMX,336251
BIZD,6461
ROL,3150
BRKL,5256
MRIN,1370
ROK,36359
ROM,1311
ROP,11800
VCRA,22573
EBAY,394584
VTSS,5700
SIVBO,500
HESAY,60
CUNB,403
ANF,738152
ROX,3515
ANH,28703
QEDN,46500
LFUS,351
MIXT,5794
VTSI,5000
FEEC,1092
GMXPQ,200
ENGGY,77
ANN,127093
MRLN,3873
PSEC,152930
ANR,328713
PBCT,65104
RPG,7476
ANV,294869
ANW,5300
GYLD,1156
PYMXQ,1000
RPM,21168
PSEM,2445
BRLI,8771
AOA,14891
AOD,90106
RPT,5603
RPV,9958
RPX,512
AOI,7453
BOTRF,7500
AOK,8946
AOL,42405
AOM,3405
INOL,1
AON,36962
AOR,2792
AOS,8932
FEFN,1
WWWW,2867
DGRE,1100
VCSH,32498
CDOC,16216
ESEA,35918
RQI,8247
JAH,32434
PSDV,11645
APA,64066
APB,624
VTUS,1046
APC,123249
APD,23370
PLGTF,2425
APF,2650
CDNS,89514
APH,24883
API,1400
BRMA,5000
VCSY,8404
APL,19216
GMXRQ,1006
INPH,20
APO,16002
APP,66839
RRC,49592
RRD,41886
APT,2462
APU,3015
WZGRF,1000
DVDCY,1000
HINOY,800
KTYB,1
SEARF,11
JBL,183904
DGRW,1272
KLIC,27074
BALT,368140
DPSTF,36
JBT,3689
INSM,1037
KNBWY,930
CMBS,54
LOJN,100
RSE,1206
TXCCQ,14191
XRMB,400
VTWG,3791
RSH,59345
RSG,22680
BANF,8
BANC,1348
IFAS,530
JCE,4991
RSP,38840
SDXAY,368
SVCBY,100
RSO,14303
JCI,267338
RST,1265
ARC,16121
ARE,9743
VTWV,523
RSX,162052
JCP,958126
ARG,13366
ARI,4679
FEIC,4542
ESGR,726
CURE,11159
JCS,644
ARL,220
FISOF,7500
MRNA,57025
ARN,51
VTWO,74999
ARO,174857
DPDW,1
ARP,1092
MBLTY,115
ARR,146613
HTBX,593
INTU,107454
ARU,140
RTI,2839
STBA,983
ARW,21977
RTH,1728
INTT,65
ARX,13113
RTK,22218
ARY,52
CMCO,354
RTM,158
JDD,7780
INTX,921
RTL,634
RTN,46873
AKO.B,107
AKO.A,1200
ASA,9048
CMCI,200
HTCH,418
ASC,1300
LSTMF,13005
STBV,6313216
PBHG,132840
CSIOY,500
ASG,1027
ASH,10486
TWER,24831
NDRO,8443
PSIX,1232
BANX,923
FELE,4340
HTCO,8
ASM,10300
BANR,3154
ASP,144
SCAI,944
LONG,1000
STBZ,911
NURO,6187
ASR,751
STAG,2606
ASX,118197
STAA,4135
JEC,70132
RUK,1700
INSY,9991
IWEB,109400
INSV,10215
MANH,1974
NMBL,58198
OPEN,14380
CUTR,613
SKPO,7550
ATE,200
HTBI,6
ESIO,1009
STAR,10828
HTBK,6
INTC,1676266
MWIPD,16546
ATI,37195
JEQ,100
XAND,5
MANU,3311
ATK,6879
MANT,2133
ATL,2648
CPYYY,6759
BPWRF,20000
PSID,14555
ATO,6909
INTL,893
ATR,7236
STAY,54864
HCCI,2900
ATU,6759
ATV,200
ATW,21717
SCBT,672
ATX,1859
WOOD,1042
FEMS,2200
JFC,400
WOOF,4027
OPHT,1790
RVM,600
DXYN,536
CDTI,2850
TWGP,232745
YUEIF,1000
RVP,18117
GYRO,214686
AUD,200
RVT,11341
YUEIY,95
ESLT,2664
NUVA,3666
JFR,11227
FENG,13015
NMFC,5800
SCCO,212430
INWK,1248
LOPE,19871
AUO,94002
AUQ,226983
VCYT,5
NUTR,3421
BRDCY,31
RWG,100
RWJ,2103
INUV,5153
AUY,577484
HCBK,54553
RWL,901
RWK,44
STCC,600
UIHC,12140
RWM,16629
RWO,660
JGG,9867
RWR,6956
EBIX,3978
AVA,52828
AVB,60804
RWT,23012
IFEU,726
BRSS,1807
STCK,1008
AVD,4981
RWX,29265
INVA,445069
AVG,6686
RWW,21
AVH,10097
NDSN,1838
JGT,9045
INVE,1000
AVK,1450
DPHS,1500
AXAS,31332
AVL,45285
JGV,14237
TFER,39424
OPHC,100
JGW,1611
AVP,94876
PBIO,15225
INVN,296410
AVT,16446
AVV,546
RXI,141
AVX,1430
AVY,10216
AXCG,1607272
EXLLF,200
RXL,2675
ZKBGF,10
MASC,2557
RXN,3830
HTGC,23180
MASI,3384
SKUL,13365
JHI,1238
BASI,3357
AWC,8215
ISVLF,500
TWIN,3
PSMT,1464
AWF,4022
AWH,4319
JHP,2205
AWI,10978
APLVF,1200
ESNT,2169
TNXP,3852
AWK,14942
XRTX,7391
CMGE,34756
AWP,64493
JHX,2
AWR,1581
JSGRY,6
RYF,2730
BRTE,700
LORL,1590
RYE,1487
HTGY,75
RYH,71
IFGL,1839
MARA,160
RYJ,1157
AXDI,24
XRSC,1000
ETHOF,1000
RYL,29731
HKTV,3410
RYN,18986
PSLV,77885
FENY,11908
RYT,2229
INXB,9700
OGXI,2039
MARK,1145
AXE,4890
RYU,142
STEM,12217
GYST,1694714
STEV,13000
AXL,21370
SKTO,831000
AXN,500
RZA,524
STFC,13
INXN,3701
AXP,248057
PSMI,4254
MRTN,355
AXR,96900
AXS,10781
RZG,315
AXU,51826
JJC,1778
CDXS,1700
AGCZ,752550
RVREF,10000
OPLK,1817
JJG,350
RYUN,900
ESPH,26241
PSON,4900
ESPI,50
FNCB,900
AGCO,42962
RZV,2549
ESPR,5193
JJP,46
FNCL,14471
AYI,2017
JJS,200
LGCY,2568
CDXC,47431
JJT,150
AXDX,1653
AF.PR.C,703
AOSL,2420
CNBKA,187
AYR,22603
AHMIQ,8550
SCE.PR.G,401
SCE.PR.F,3057
JKD,1579
FVRD,2000
ELS.PR.C,199
JKF,1
EBMT,125
FVRG,250
SINGF,373
JKE,100
JKH,204
JKG,35
JKJ,988
HMRTY,204
JKI,1522
SBRCY,211
JKL,4086
IFIT,100
AZC,600
JKK,401
MATH,1875
RSHYY,30000
MATL,40
MATR,200
JKS,108641
EBND,17360
QEPM,400
MATW,5605
AZN,141943
MRVC,261
AZO,4247
HTHT,5917
NMIH,1699
MATX,1318
FOLGF,12250
JLA,1413
MRVL,292822
AXGN,47146
PBPB,5700
AZZ,1194
SCHZ,3646
SKYC,100
SCHX,25395
RBGLY,24957
JLL,1943
SCIF,4424
CMPGY,224
BRXX,10830
SAFRY,153
JLS,2305
SKYW,8560
ESRT,29979
AGEN,14343
SCIN,2642
ESRX,272620
LNVGY,2922
FMER.PR.A,312
SCIL,8900
ESSA,174
DYAI,1315
SKYY,3435
VLRS,3910
JMF,3283
BRZG,269399
BAXS,12417
FNDA,5448
LNEGY,4791
FNDB,4047
JMI,14961
FNDC,4752
SCHF,48901
SCHG,13447
FNDE,14280
SCHD,39784
FNDF,4176
AXHE,100
SCHE,46151
JMP,14
SCHB,43137
SCHC,14260
STIP,163
CMLS,54693
SCHA,32720
JMT,1958
SCHN,4213
SCHO,10355
CMLP,10287
SCHL,1459
SCHM,22380
ESVIF,20
SCHH,4315
SCHV,7801
SCHW,117926
LXFT,1264
FNDX,1086
SCHR,6772
TWMC,330
SCHP,2594
WFEMF,2500
HCKT,126
JNK,183309
JNJ,408322
BAYP,100000
JRCC,20966
EBSB,20
AXID,2
VLTC,40
JNS,21680
URBN,188942
FNGN,1812
BRZV,10000
JNY,55447
BRZU,4498
JABA,9000
PSTB,115
MARPS,2955
DPSGY,1250
PSTI,35185
IFON,11505
HCLP,7699
JOF,1810
JOE,10054
MAXE,10000
MAXD,85290
STKL,7204
ESSI,10100
HTLD,33207
RHHVF,7
HTLF,892
AXJL,1216
FNFG,62328
DYAX,3980
BGE.PR.B,100
YMLP,4395
SAA,25
IFNA,1300
ESSX,567
JOY,300540
TWOK,1680
YMLI,100
SAH,3955
JPC,30282
AXIT,2
SAM,2307
STLD,71218
JPG,480
SAN,758202
CMPD,4000
JPI,2903
SAP,79528
WOPEY,375
HMRZF,1250
STNR,1016
SAR,590
JPM,1164975
TELNY,2080
JACQ,7800
JPP,150
JPS,31281
VWDRY,29701
ZYCI,50
JPW,1700
AGIO,4298
UACL,324
ANFGY,40
SCMR,1342
JPZ,8523
AGIN,2258
SCMP,2402
SCUEF,100
SBH,161495
AGII,560
UREE,1300
SBI,815
NVAX,158158
JQC,87739
SBR,1665
PSTX,129794
STMP,2187
BAA,31032
FNHC,3370
BAB,26786
BEE.PR.C,1
PSTR,152
BAC,10812619
SBS,88692
BEE.PR.A,1180
TELOZ,21
STML,1484
BAF,1720
CVBF,1008
SBW,4823
AXLL,16215
BAH,10606
SBY,4574
EBTC,1619
BAK,17074
BAL,102
VLUE,123
BAM,12681
PBSK,5100
PBSV,500
BAP,5921
SCC,9
OGXPY,63662
BAS,15567
SCLN,2891
SCD,1083
SCG,73332
WOPEF,1340
SCI,29188
EAIAF,9500
LGIH,53
PSUN,9372
BAX,81395
SCJ,1374
DHCC,200
SCM,133
STNG,20900
SCL,4895
JACK,14344
SCO,183391
